"p","mecanismo","rep","n_completos","celdas_faltantes","full_exacta","full_falsos","del_exacta","del_falsos","del_igual_full","imp_exacta","imp_falsos","imp_igual_full","nucleo","nucleo_vacio","nucleo_falsos","nucleo_en_full","full_en_interior","del_en_interior","exterior_enumerada","del_imposible","n_sol_interior","int_sin_sol","ext_fallo","exterior_timeout","segundos"
0.05,"MCAR",1,47,15,FALSE,2,FALSE,1,FALSE,FALSE,2,FALSE,"A*D + C",FALSE,1,TRUE,TRUE,TRUE,TRUE,FALSE,4,0,FALSE,FALSE,33.8
0.05,"MCAR",2,47,14,FALSE,1,TRUE,0,FALSE,TRUE,0,FALSE,"A*B + C",FALSE,0,TRUE,TRUE,TRUE,TRUE,FALSE,2,0,FALSE,FALSE,33.9
0.05,"MCAR",3,49,13,TRUE,0,TRUE,0,TRUE,TRUE,0,TRUE,"A*B + C",FALSE,0,TRUE,TRUE,TRUE,TRUE,FALSE,1,0,FALSE,FALSE,28.9
0.05,"MCAR",4,45,15,FALSE,1,FALSE,1,FALSE,FALSE,1,TRUE,"A*B + C",FALSE,0,TRUE,TRUE,TRUE,TRUE,FALSE,7,0,FALSE,FALSE,51.1
0.05,"MCAR",5,50,10,FALSE,1,FALSE,1,TRUE,FALSE,1,TRUE,"A*B + A*D + C",FALSE,1,TRUE,TRUE,TRUE,TRUE,TRUE,1,0,FALSE,FALSE,23.1
0.05,"MCAR",6,49,11,FALSE,1,FALSE,2,FALSE,FALSE,2,FALSE,"C",FALSE,0,TRUE,TRUE,TRUE,TRUE,FALSE,6,0,FALSE,FALSE,30.2
0.05,"MCAR",7,54,7,TRUE,0,TRUE,0,TRUE,FALSE,1,FALSE,"A*B + C",FALSE,0,TRUE,TRUE,TRUE,TRUE,FALSE,2,0,FALSE,FALSE,26
0.05,"MCAR",8,48,15,TRUE,0,TRUE,0,FALSE,FALSE,1,FALSE,"A*B + C",FALSE,0,TRUE,TRUE,FALSE,TRUE,FALSE,3,0,FALSE,FALSE,55.5
0.05,"MCAR",9,45,17,TRUE,0,FALSE,1,FALSE,TRUE,0,TRUE,"C",FALSE,0,TRUE,TRUE,TRUE,TRUE,FALSE,5,0,FALSE,FALSE,67.6
0.05,"MCAR",10,49,12,FALSE,1,FALSE,1,FALSE,FALSE,2,FALSE,"C",FALSE,0,TRUE,TRUE,TRUE,TRUE,FALSE,10,0,FALSE,FALSE,33.1
0.05,"MCAR",11,48,13,TRUE,0,FALSE,1,FALSE,FALSE,1,FALSE,"A*B",FALSE,0,TRUE,TRUE,TRUE,TRUE,FALSE,6,0,FALSE,FALSE,73.1
0.05,"MCAR",12,46,16,FALSE,1,FALSE,1,FALSE,FALSE,1,TRUE,"C",FALSE,0,TRUE,TRUE,TRUE,TRUE,FALSE,3,0,FALSE,FALSE,69.3
0.05,"MCAR",13,53,7,FALSE,3,FALSE,1,FALSE,FALSE,3,TRUE,"C",FALSE,0,TRUE,TRUE,FALSE,TRUE,FALSE,5,0,FALSE,FALSE,40.7
0.05,"MCAR",14,49,12,TRUE,0,TRUE,0,TRUE,TRUE,0,TRUE,"A*B + C",FALSE,0,TRUE,TRUE,TRUE,TRUE,FALSE,2,0,FALSE,FALSE,33.7
0.05,"MCAR",15,46,14,FALSE,1,FALSE,1,TRUE,FALSE,1,FALSE,"C",FALSE,0,TRUE,TRUE,TRUE,TRUE,FALSE,3,0,FALSE,FALSE,35.3
0.05,"MCAR",16,50,11,FALSE,1,FALSE,1,TRUE,FALSE,2,FALSE,"~A*~D + C",FALSE,1,TRUE,TRUE,TRUE,TRUE,FALSE,2,0,FALSE,FALSE,75.4
0.05,"MCAR",17,50,12,TRUE,0,TRUE,0,TRUE,TRUE,0,TRUE,"A*B + C",FALSE,0,TRUE,TRUE,TRUE,TRUE,FALSE,2,0,FALSE,FALSE,23.7
0.05,"MCAR",18,42,19,TRUE,0,TRUE,0,TRUE,FALSE,1,FALSE,"A*B + C",FALSE,0,TRUE,TRUE,TRUE,TRUE,FALSE,2,0,FALSE,FALSE,31.7
0.05,"MCAR",19,53,9,TRUE,0,FALSE,1,FALSE,FALSE,1,FALSE,"A*B + C",FALSE,0,TRUE,TRUE,TRUE,TRUE,FALSE,4,0,FALSE,FALSE,32.3
0.05,"MCAR",20,44,18,FALSE,2,FALSE,3,FALSE,TRUE,0,FALSE,NA,TRUE,0,TRUE,TRUE,TRUE,TRUE,FALSE,18,0,FALSE,FALSE,65.1
0.05,"MCAR",21,46,15,TRUE,0,TRUE,0,TRUE,TRUE,0,TRUE,NA,TRUE,0,TRUE,TRUE,TRUE,TRUE,FALSE,5,0,FALSE,FALSE,70.6
0.05,"MCAR",22,48,12,FALSE,1,FALSE,2,FALSE,FALSE,1,TRUE,"C",FALSE,0,TRUE,TRUE,FALSE,TRUE,FALSE,5,0,FALSE,FALSE,47.9
0.05,"MCAR",23,50,12,FALSE,2,FALSE,2,FALSE,FALSE,2,FALSE,"C",FALSE,0,TRUE,TRUE,TRUE,TRUE,FALSE,7,0,FALSE,FALSE,33.4
0.05,"MCAR",24,52,9,FALSE,2,FALSE,2,FALSE,FALSE,2,TRUE,"C",FALSE,0,TRUE,TRUE,FALSE,TRUE,FALSE,6,0,FALSE,FALSE,68.8
0.05,"MCAR",25,49,11,FALSE,2,FALSE,1,FALSE,FALSE,2,TRUE,"C",FALSE,0,TRUE,TRUE,TRUE,TRUE,FALSE,6,0,FALSE,FALSE,79.2
0.05,"MCAR",26,55,5,FALSE,3,FALSE,2,FALSE,FALSE,3,TRUE,"B + C",FALSE,1,TRUE,TRUE,TRUE,TRUE,FALSE,4,0,FALSE,FALSE,71.3
0.05,"MCAR",27,49,11,FALSE,2,FALSE,1,FALSE,FALSE,2,TRUE,"C",FALSE,0,TRUE,TRUE,TRUE,TRUE,FALSE,6,0,FALSE,FALSE,56.5
0.05,"MCAR",28,49,12,FALSE,1,FALSE,1,TRUE,FALSE,1,TRUE,"B*D + C",FALSE,1,TRUE,TRUE,TRUE,TRUE,FALSE,2,0,FALSE,FALSE,37.8
0.05,"MCAR",29,53,9,FALSE,1,TRUE,0,FALSE,FALSE,1,TRUE,"A*B + C",FALSE,0,TRUE,TRUE,TRUE,TRUE,FALSE,2,0,FALSE,FALSE,35.6
0.05,"MCAR",30,43,17,FALSE,1,FALSE,1,TRUE,FALSE,1,TRUE,"C",FALSE,0,TRUE,TRUE,TRUE,TRUE,FALSE,4,0,FALSE,FALSE,30.1
0.05,"MCAR",31,46,15,FALSE,1,FALSE,2,FALSE,FALSE,1,TRUE,"A*B + B*D",FALSE,1,TRUE,TRUE,TRUE,TRUE,FALSE,3,0,FALSE,FALSE,57.9
0.05,"MCAR",32,55,5,FALSE,1,FALSE,1,TRUE,FALSE,1,TRUE,"A*B + A*D + C",FALSE,1,TRUE,TRUE,TRUE,TRUE,TRUE,1,0,FALSE,FALSE,51.8
0.05,"MCAR",33,46,14,FALSE,1,FALSE,1,TRUE,FALSE,1,TRUE,"A*B + B*D + C",FALSE,1,TRUE,TRUE,TRUE,TRUE,TRUE,1,0,FALSE,FALSE,62.9
0.05,"MCAR",34,50,11,FALSE,1,FALSE,1,TRUE,FALSE,1,TRUE,"C",FALSE,0,TRUE,TRUE,TRUE,TRUE,FALSE,2,0,FALSE,FALSE,48.6
0.05,"MCAR",35,48,15,FALSE,1,FALSE,1,FALSE,FALSE,1,FALSE,"C",FALSE,0,TRUE,TRUE,TRUE,TRUE,FALSE,9,0,FALSE,FALSE,78
0.05,"MCAR",36,51,10,FALSE,2,FALSE,2,TRUE,FALSE,2,TRUE,"B*~D + C",FALSE,1,TRUE,TRUE,TRUE,TRUE,FALSE,2,0,FALSE,FALSE,52.3
0.05,"MCAR",37,51,9,TRUE,0,TRUE,0,TRUE,TRUE,0,TRUE,"A*B + C",FALSE,0,TRUE,TRUE,TRUE,TRUE,FALSE,2,0,FALSE,FALSE,64
0.05,"MCAR",38,48,13,FALSE,1,FALSE,1,TRUE,FALSE,1,TRUE,"C",FALSE,0,TRUE,TRUE,TRUE,TRUE,FALSE,2,0,FALSE,FALSE,71.8
0.05,"MCAR",39,50,10,FALSE,2,FALSE,2,TRUE,FALSE,2,TRUE,"B*~D + C",FALSE,1,TRUE,TRUE,TRUE,TRUE,FALSE,4,0,FALSE,FALSE,69.7
0.05,"MCAR",40,45,17,FALSE,1,FALSE,1,FALSE,FALSE,1,FALSE,"A*B + C",FALSE,0,TRUE,TRUE,TRUE,TRUE,FALSE,6,0,FALSE,FALSE,69.8
0.05,"MCAR",41,47,14,FALSE,1,FALSE,1,FALSE,FALSE,1,FALSE,"A*B + C",FALSE,0,TRUE,TRUE,TRUE,TRUE,FALSE,8,0,FALSE,FALSE,79.4
0.05,"MCAR",42,48,12,FALSE,1,FALSE,1,TRUE,FALSE,1,TRUE,"C",FALSE,0,TRUE,TRUE,TRUE,TRUE,FALSE,2,0,FALSE,FALSE,59.3
0.05,"MCAR",43,49,11,FALSE,2,FALSE,1,FALSE,FALSE,1,FALSE,"C",FALSE,0,TRUE,TRUE,TRUE,TRUE,FALSE,10,0,FALSE,FALSE,67.1
0.05,"MCAR",44,48,13,FALSE,1,FALSE,1,TRUE,FALSE,1,TRUE,"A + C",FALSE,1,TRUE,TRUE,TRUE,TRUE,FALSE,1,0,FALSE,FALSE,47.8
0.05,"MCAR",45,47,13,FALSE,1,FALSE,1,FALSE,FALSE,1,FALSE,"C",FALSE,0,TRUE,FALSE,TRUE,TRUE,FALSE,12,0,FALSE,FALSE,87.8
0.05,"MCAR",46,48,14,FALSE,1,FALSE,2,FALSE,FALSE,1,TRUE,"A*B",FALSE,0,TRUE,TRUE,TRUE,TRUE,FALSE,8,0,FALSE,FALSE,70.6
0.05,"MCAR",47,50,10,TRUE,0,TRUE,0,TRUE,TRUE,0,TRUE,"A*B + C",FALSE,0,TRUE,TRUE,TRUE,TRUE,FALSE,2,0,FALSE,FALSE,62.5
0.05,"MCAR",48,51,10,TRUE,0,FALSE,2,FALSE,FALSE,1,FALSE,"A*B + C",FALSE,0,TRUE,TRUE,FALSE,TRUE,FALSE,4,0,FALSE,FALSE,73.4
0.05,"MCAR",49,46,14,TRUE,0,FALSE,1,FALSE,TRUE,0,TRUE,NA,TRUE,0,TRUE,TRUE,TRUE,TRUE,FALSE,10,0,FALSE,FALSE,130.9
0.05,"MCAR",50,53,7,TRUE,0,FALSE,1,FALSE,TRUE,0,TRUE,"A*B + C",FALSE,0,TRUE,TRUE,TRUE,TRUE,FALSE,2,0,FALSE,FALSE,59.6
0.05,"MCAR",51,49,11,TRUE,0,TRUE,0,TRUE,TRUE,0,TRUE,"A*B",FALSE,0,TRUE,TRUE,TRUE,TRUE,FALSE,2,0,FALSE,FALSE,57.9
0.05,"MCAR",52,48,12,FALSE,1,FALSE,2,FALSE,FALSE,2,FALSE,"C",FALSE,0,TRUE,TRUE,TRUE,TRUE,FALSE,6,0,FALSE,FALSE,68.5
0.05,"MCAR",53,50,10,TRUE,0,FALSE,1,FALSE,TRUE,0,TRUE,"C",FALSE,0,TRUE,TRUE,TRUE,TRUE,FALSE,4,0,FALSE,FALSE,60.4
0.05,"MCAR",54,47,14,TRUE,0,TRUE,0,TRUE,FALSE,1,FALSE,"A*B + C",FALSE,0,TRUE,TRUE,TRUE,TRUE,FALSE,2,0,FALSE,FALSE,59.3
0.05,"MCAR",55,51,9,FALSE,1,FALSE,1,FALSE,FALSE,1,TRUE,"C",FALSE,0,TRUE,TRUE,TRUE,TRUE,FALSE,2,0,FALSE,FALSE,60.8
0.05,"MCAR",56,44,16,FALSE,1,FALSE,1,TRUE,FALSE,1,TRUE,"C",FALSE,0,TRUE,TRUE,TRUE,TRUE,FALSE,4,0,FALSE,FALSE,63.7
0.05,"MCAR",57,48,12,TRUE,0,TRUE,0,TRUE,TRUE,0,TRUE,"C",FALSE,0,TRUE,TRUE,TRUE,TRUE,FALSE,7,0,FALSE,FALSE,43.6
0.05,"MCAR",58,46,15,FALSE,2,FALSE,2,FALSE,FALSE,2,TRUE,"C",FALSE,0,TRUE,TRUE,TRUE,FALSE,NA,6,0,TRUE,FALSE,48.8
0.05,"MCAR",59,53,7,FALSE,1,FALSE,1,FALSE,FALSE,1,TRUE,"A*B + C",FALSE,0,TRUE,TRUE,TRUE,TRUE,FALSE,3,0,FALSE,FALSE,44.6
0.05,"MCAR",60,49,12,TRUE,0,FALSE,1,FALSE,FALSE,1,FALSE,"C",FALSE,0,TRUE,TRUE,TRUE,TRUE,FALSE,4,0,FALSE,FALSE,27.6
0.05,"MCAR",61,45,17,TRUE,0,TRUE,0,TRUE,TRUE,0,TRUE,"C",FALSE,0,TRUE,TRUE,TRUE,TRUE,FALSE,7,0,FALSE,FALSE,30
0.05,"MCAR",62,50,10,FALSE,1,FALSE,1,TRUE,TRUE,0,FALSE,"C",FALSE,0,TRUE,TRUE,TRUE,TRUE,FALSE,4,0,FALSE,FALSE,24.8
0.05,"MCAR",63,45,17,TRUE,0,FALSE,2,FALSE,FALSE,1,FALSE,"C",FALSE,0,TRUE,TRUE,TRUE,TRUE,FALSE,4,0,FALSE,FALSE,40.1
0.05,"MCAR",64,53,9,FALSE,1,FALSE,2,FALSE,FALSE,2,FALSE,"B + C",FALSE,1,TRUE,TRUE,TRUE,TRUE,FALSE,3,0,FALSE,FALSE,72.6
0.05,"MCAR",65,52,9,FALSE,1,FALSE,2,FALSE,FALSE,2,FALSE,"C",FALSE,0,TRUE,TRUE,TRUE,TRUE,FALSE,7,0,FALSE,FALSE,38.9
0.05,"MCAR",66,49,11,FALSE,1,FALSE,1,FALSE,FALSE,1,TRUE,"C",FALSE,0,TRUE,TRUE,TRUE,TRUE,FALSE,4,0,FALSE,FALSE,47.5
0.05,"MCAR",67,48,12,FALSE,2,FALSE,2,FALSE,FALSE,2,TRUE,"C",FALSE,0,TRUE,TRUE,TRUE,TRUE,FALSE,7,0,FALSE,FALSE,88.6
0.05,"MCAR",68,51,11,FALSE,1,FALSE,1,FALSE,FALSE,2,FALSE,"C",FALSE,0,TRUE,TRUE,TRUE,TRUE,FALSE,8,0,FALSE,FALSE,44
0.05,"MCAR",69,50,12,FALSE,1,FALSE,1,TRUE,FALSE,1,FALSE,"C",FALSE,0,TRUE,TRUE,TRUE,TRUE,FALSE,2,0,FALSE,FALSE,38.2
0.05,"MCAR",70,45,15,TRUE,0,TRUE,0,TRUE,FALSE,1,FALSE,"A*B + C",FALSE,0,TRUE,TRUE,TRUE,TRUE,FALSE,4,0,FALSE,FALSE,32.5
0.05,"MCAR",71,51,10,TRUE,0,TRUE,0,TRUE,TRUE,0,TRUE,"A*B + C",FALSE,0,TRUE,TRUE,TRUE,TRUE,TRUE,1,0,FALSE,FALSE,68.8
0.05,"MCAR",72,52,9,TRUE,0,FALSE,1,FALSE,TRUE,0,TRUE,"A*B + C",FALSE,0,TRUE,TRUE,FALSE,TRUE,FALSE,5,0,FALSE,FALSE,35.2
0.05,"MCAR",73,52,9,FALSE,1,FALSE,1,TRUE,FALSE,1,TRUE,"A*B + C",FALSE,0,TRUE,TRUE,TRUE,TRUE,FALSE,3,0,FALSE,FALSE,34.5
0.05,"MCAR",74,46,14,FALSE,2,TRUE,0,FALSE,FALSE,1,FALSE,"C",FALSE,0,TRUE,TRUE,TRUE,TRUE,FALSE,6,0,FALSE,FALSE,30.7
0.05,"MCAR",75,45,17,FALSE,1,FALSE,1,FALSE,FALSE,2,FALSE,"C",FALSE,0,TRUE,TRUE,FALSE,TRUE,FALSE,8,0,FALSE,FALSE,47.2
0.05,"MCAR",76,48,13,FALSE,1,TRUE,0,FALSE,FALSE,1,TRUE,"A*B + C",FALSE,0,TRUE,TRUE,TRUE,TRUE,FALSE,2,0,FALSE,FALSE,24.3
0.05,"MCAR",77,47,16,FALSE,1,FALSE,1,FALSE,FALSE,1,FALSE,"C",FALSE,0,TRUE,TRUE,TRUE,TRUE,FALSE,6,0,FALSE,FALSE,76
0.05,"MCAR",78,46,15,FALSE,2,FALSE,1,FALSE,FALSE,2,TRUE,"C",FALSE,0,TRUE,TRUE,TRUE,TRUE,FALSE,6,0,FALSE,FALSE,42.6
0.05,"MCAR",79,45,17,TRUE,0,TRUE,0,TRUE,TRUE,0,TRUE,"C",FALSE,0,TRUE,TRUE,TRUE,TRUE,FALSE,4,0,FALSE,FALSE,25.9
0.05,"MCAR",80,49,11,TRUE,0,TRUE,0,TRUE,FALSE,1,FALSE,"A*B + C",FALSE,0,TRUE,TRUE,TRUE,TRUE,FALSE,4,0,FALSE,FALSE,63.2
0.05,"MCAR",81,46,14,FALSE,1,FALSE,1,TRUE,FALSE,1,TRUE,"C",FALSE,0,TRUE,TRUE,TRUE,TRUE,FALSE,4,0,FALSE,FALSE,64.4
0.05,"MCAR",82,49,11,FALSE,2,FALSE,2,FALSE,FALSE,3,FALSE,"A + C",FALSE,1,TRUE,TRUE,TRUE,TRUE,FALSE,4,0,FALSE,FALSE,71.5
0.05,"MCAR",83,57,3,FALSE,1,FALSE,1,TRUE,FALSE,1,TRUE,"B + C",FALSE,1,TRUE,TRUE,TRUE,TRUE,TRUE,1,0,FALSE,FALSE,59
0.05,"MCAR",84,43,18,FALSE,1,TRUE,0,FALSE,FALSE,1,FALSE,"C",FALSE,0,TRUE,TRUE,TRUE,TRUE,FALSE,12,0,FALSE,FALSE,68.8
0.05,"MCAR",85,48,13,FALSE,1,FALSE,1,FALSE,TRUE,0,FALSE,"C",FALSE,0,TRUE,TRUE,TRUE,TRUE,FALSE,11,0,FALSE,FALSE,41.7
0.05,"MCAR",86,50,11,TRUE,0,TRUE,0,TRUE,TRUE,0,TRUE,"A*B + C",FALSE,0,TRUE,TRUE,TRUE,TRUE,TRUE,1,0,FALSE,FALSE,35.5
0.05,"MCAR",87,48,12,FALSE,1,FALSE,1,TRUE,FALSE,1,TRUE,"C",FALSE,0,TRUE,TRUE,TRUE,TRUE,FALSE,4,0,FALSE,FALSE,61
0.05,"MCAR",88,52,10,TRUE,0,FALSE,1,FALSE,TRUE,0,TRUE,"A*B",FALSE,0,TRUE,TRUE,TRUE,TRUE,FALSE,3,0,FALSE,FALSE,52.6
0.05,"MCAR",89,49,11,FALSE,1,FALSE,1,FALSE,FALSE,1,FALSE,"C",FALSE,0,TRUE,TRUE,TRUE,TRUE,FALSE,4,0,FALSE,FALSE,67.2
0.05,"MCAR",90,50,11,FALSE,1,FALSE,2,FALSE,FALSE,1,TRUE,NA,TRUE,0,TRUE,TRUE,TRUE,TRUE,FALSE,4,0,FALSE,FALSE,58
0.05,"MCAR",91,48,13,FALSE,1,FALSE,1,FALSE,FALSE,1,FALSE,"A*B + C",FALSE,0,TRUE,TRUE,TRUE,TRUE,FALSE,6,0,FALSE,FALSE,57
0.05,"MCAR",92,45,15,FALSE,1,FALSE,2,FALSE,FALSE,2,FALSE,"C",FALSE,0,TRUE,TRUE,TRUE,TRUE,FALSE,8,0,FALSE,FALSE,71.7
0.05,"MCAR",93,47,14,FALSE,0,FALSE,3,FALSE,FALSE,3,FALSE,"C",FALSE,0,TRUE,TRUE,TRUE,FALSE,NA,6,1,TRUE,FALSE,96.3
0.05,"MCAR",94,54,6,FALSE,1,FALSE,1,FALSE,FALSE,1,TRUE,"C",FALSE,0,TRUE,TRUE,TRUE,TRUE,FALSE,2,0,FALSE,FALSE,68.6
0.05,"MCAR",95,50,11,TRUE,0,TRUE,0,TRUE,TRUE,0,TRUE,"A*B + C",FALSE,0,TRUE,TRUE,TRUE,TRUE,TRUE,1,0,FALSE,FALSE,59
0.05,"MCAR",96,48,12,FALSE,1,TRUE,0,FALSE,FALSE,1,TRUE,"C",FALSE,0,TRUE,TRUE,TRUE,TRUE,FALSE,5,0,FALSE,FALSE,65.5
0.05,"MCAR",97,51,9,TRUE,0,TRUE,0,TRUE,TRUE,0,TRUE,"A*B + C",FALSE,0,TRUE,TRUE,TRUE,TRUE,FALSE,1,0,FALSE,FALSE,57
0.05,"MCAR",98,43,18,FALSE,2,FALSE,2,TRUE,FALSE,1,FALSE,"C",FALSE,0,TRUE,TRUE,TRUE,TRUE,FALSE,5,0,FALSE,FALSE,67
0.05,"MCAR",99,45,16,TRUE,0,TRUE,0,TRUE,TRUE,0,TRUE,"A*B + C",FALSE,0,TRUE,TRUE,TRUE,TRUE,FALSE,3,0,FALSE,FALSE,45.5
0.05,"MCAR",100,49,11,FALSE,1,TRUE,0,FALSE,FALSE,1,FALSE,"A*B + C",FALSE,0,TRUE,TRUE,FALSE,TRUE,FALSE,5,0,FALSE,FALSE,58.4
0.1,"MCAR",1,42,20,TRUE,0,TRUE,0,TRUE,TRUE,0,TRUE,"C",FALSE,0,TRUE,TRUE,TRUE,TRUE,FALSE,8,0,FALSE,FALSE,83
0.1,"MCAR",2,37,26,FALSE,1,FALSE,1,TRUE,FALSE,1,TRUE,"C",FALSE,0,TRUE,TRUE,TRUE,TRUE,FALSE,4,0,FALSE,FALSE,74.1
0.1,"MCAR",3,38,24,FALSE,1,FALSE,1,FALSE,FALSE,1,FALSE,NA,TRUE,0,TRUE,FALSE,TRUE,TRUE,FALSE,9,0,FALSE,FALSE,99.2
0.1,"MCAR",4,41,21,TRUE,0,TRUE,0,TRUE,TRUE,0,TRUE,"C",FALSE,0,TRUE,TRUE,TRUE,TRUE,FALSE,2,0,FALSE,FALSE,61.2
0.1,"MCAR",5,43,20,FALSE,1,FALSE,2,FALSE,TRUE,0,FALSE,NA,TRUE,0,TRUE,TRUE,TRUE,FALSE,NA,21,0,TRUE,FALSE,252.7
0.1,"MCAR",6,45,18,FALSE,1,FALSE,1,TRUE,FALSE,1,FALSE,"C",FALSE,0,TRUE,TRUE,TRUE,TRUE,FALSE,6,0,FALSE,FALSE,65.6
0.1,"MCAR",7,42,20,FALSE,2,FALSE,2,TRUE,FALSE,2,TRUE,"C",FALSE,0,TRUE,TRUE,TRUE,TRUE,FALSE,7,0,FALSE,FALSE,95.4
0.1,"MCAR",8,42,21,TRUE,0,TRUE,0,TRUE,TRUE,0,TRUE,"C",FALSE,0,TRUE,TRUE,TRUE,TRUE,FALSE,4,0,FALSE,FALSE,70.5
0.1,"MCAR",9,35,30,FALSE,2,FALSE,2,TRUE,FALSE,3,FALSE,"C",FALSE,0,TRUE,TRUE,TRUE,TRUE,FALSE,12,0,FALSE,FALSE,90.3
0.1,"MCAR",10,36,27,FALSE,2,FALSE,3,FALSE,FALSE,3,FALSE,"A + C",FALSE,1,TRUE,TRUE,TRUE,FALSE,NA,11,0,TRUE,FALSE,75.8
0.1,"MCAR",11,43,18,FALSE,1,TRUE,0,FALSE,TRUE,0,FALSE,"C",FALSE,0,TRUE,TRUE,TRUE,TRUE,FALSE,10,0,FALSE,FALSE,160
0.1,"MCAR",12,42,21,TRUE,0,FALSE,1,FALSE,FALSE,0,FALSE,"C",FALSE,0,TRUE,TRUE,TRUE,TRUE,FALSE,14,0,FALSE,FALSE,78
0.1,"MCAR",13,41,24,TRUE,0,TRUE,0,TRUE,TRUE,0,TRUE,"A*B + C",FALSE,0,TRUE,TRUE,TRUE,TRUE,FALSE,4,0,FALSE,FALSE,34.9
0.1,"MCAR",14,44,19,TRUE,0,TRUE,0,TRUE,FALSE,0,FALSE,NA,TRUE,0,TRUE,TRUE,TRUE,TRUE,FALSE,10,0,FALSE,FALSE,55.6
0.1,"MCAR",15,45,17,FALSE,1,FALSE,1,TRUE,FALSE,1,TRUE,"C",FALSE,0,TRUE,TRUE,TRUE,TRUE,FALSE,2,0,FALSE,FALSE,34.2
0.1,"MCAR",16,39,23,TRUE,0,TRUE,0,TRUE,TRUE,0,TRUE,"C",FALSE,0,TRUE,TRUE,TRUE,TRUE,FALSE,3,0,FALSE,FALSE,38.3
0.1,"MCAR",17,40,27,TRUE,0,FALSE,1,FALSE,FALSE,1,FALSE,"C",FALSE,0,TRUE,TRUE,FALSE,TRUE,FALSE,9,0,FALSE,FALSE,65.4
0.1,"MCAR",18,47,15,FALSE,1,FALSE,1,TRUE,FALSE,1,TRUE,"C",FALSE,0,TRUE,TRUE,TRUE,TRUE,FALSE,4,0,FALSE,FALSE,54.3
0.1,"MCAR",19,35,29,TRUE,0,TRUE,0,TRUE,FALSE,1,FALSE,"C",FALSE,0,TRUE,TRUE,TRUE,TRUE,FALSE,9,0,FALSE,FALSE,81.3
0.1,"MCAR",20,42,22,FALSE,1,TRUE,0,FALSE,TRUE,0,FALSE,"A*B + C",FALSE,0,TRUE,TRUE,TRUE,TRUE,FALSE,2,0,FALSE,FALSE,27
0.1,"MCAR",21,43,18,TRUE,0,TRUE,0,TRUE,FALSE,1,FALSE,"A*B + C",FALSE,0,TRUE,TRUE,TRUE,TRUE,FALSE,3,0,FALSE,FALSE,66.8
0.1,"MCAR",22,40,25,FALSE,2,FALSE,1,FALSE,FALSE,2,FALSE,"C",FALSE,0,TRUE,TRUE,TRUE,TRUE,FALSE,13,0,FALSE,FALSE,143.8
0.1,"MCAR",23,35,31,TRUE,0,FALSE,1,FALSE,FALSE,1,FALSE,NA,TRUE,0,TRUE,TRUE,TRUE,FALSE,NA,21,0,TRUE,FALSE,271.3
0.1,"MCAR",24,38,23,FALSE,1,FALSE,1,FALSE,FALSE,1,TRUE,"C",FALSE,0,TRUE,TRUE,FALSE,FALSE,NA,16,0,TRUE,FALSE,108.7
0.1,"MCAR",25,35,28,FALSE,2,FALSE,2,TRUE,FALSE,2,TRUE,"C",FALSE,0,TRUE,TRUE,TRUE,FALSE,NA,6,0,TRUE,FALSE,95.4
0.1,"MCAR",26,39,26,TRUE,0,TRUE,0,TRUE,TRUE,0,TRUE,NA,TRUE,0,TRUE,TRUE,TRUE,FALSE,NA,11,0,TRUE,FALSE,278.8
0.1,"MCAR",27,42,19,FALSE,1,TRUE,0,FALSE,FALSE,2,FALSE,"C",FALSE,0,TRUE,TRUE,TRUE,TRUE,FALSE,14,0,FALSE,FALSE,52.5
0.1,"MCAR",28,40,22,FALSE,1,FALSE,1,FALSE,FALSE,1,TRUE,"C",FALSE,0,TRUE,TRUE,TRUE,TRUE,FALSE,4,0,FALSE,FALSE,52.7
0.1,"MCAR",29,43,21,TRUE,0,FALSE,1,FALSE,TRUE,0,TRUE,"C",FALSE,0,TRUE,TRUE,TRUE,TRUE,FALSE,9,0,FALSE,FALSE,145.1
0.1,"MCAR",30,43,19,TRUE,0,FALSE,1,FALSE,TRUE,0,TRUE,"A*B + C",FALSE,0,TRUE,TRUE,TRUE,TRUE,FALSE,2,0,FALSE,FALSE,46.9
0.1,"MCAR",31,44,19,TRUE,0,TRUE,0,TRUE,TRUE,0,TRUE,"C",FALSE,0,TRUE,TRUE,TRUE,TRUE,FALSE,5,0,FALSE,FALSE,80.6
0.1,"MCAR",32,38,27,FALSE,2,FALSE,0,FALSE,FALSE,3,FALSE,"C",FALSE,0,TRUE,TRUE,FALSE,FALSE,NA,31,0,FALSE,FALSE,182.6
0.1,"MCAR",33,33,33,FALSE,1,FALSE,1,FALSE,FALSE,1,FALSE,NA,TRUE,0,TRUE,TRUE,TRUE,FALSE,NA,13,0,TRUE,FALSE,281.2
0.1,"MCAR",34,42,20,TRUE,0,FALSE,1,FALSE,TRUE,0,TRUE,"C",FALSE,0,TRUE,TRUE,TRUE,TRUE,FALSE,7,0,FALSE,FALSE,89
0.1,"MCAR",35,37,26,TRUE,0,FALSE,1,FALSE,TRUE,0,TRUE,"A*B + C",FALSE,0,TRUE,TRUE,TRUE,TRUE,FALSE,4,0,FALSE,FALSE,53.3
0.1,"MCAR",36,45,18,TRUE,0,TRUE,0,TRUE,TRUE,0,TRUE,"A*B + C",FALSE,0,TRUE,TRUE,TRUE,TRUE,FALSE,2,0,FALSE,FALSE,61.6
0.1,"MCAR",37,41,20,TRUE,0,TRUE,0,TRUE,TRUE,0,TRUE,"A*B + C",FALSE,0,TRUE,TRUE,TRUE,TRUE,FALSE,4,0,FALSE,FALSE,65.4
0.1,"MCAR",38,45,17,TRUE,0,FALSE,1,FALSE,TRUE,0,TRUE,NA,TRUE,0,TRUE,TRUE,TRUE,TRUE,FALSE,6,0,FALSE,FALSE,85.8
0.1,"MCAR",39,37,25,TRUE,0,FALSE,2,FALSE,TRUE,0,TRUE,NA,TRUE,0,TRUE,TRUE,TRUE,FALSE,NA,16,0,TRUE,FALSE,249.1
0.1,"MCAR",40,41,20,TRUE,0,FALSE,1,FALSE,TRUE,0,TRUE,"C",FALSE,0,TRUE,TRUE,TRUE,TRUE,FALSE,9,0,FALSE,FALSE,87.1
0.1,"MCAR",41,32,30,TRUE,0,FALSE,1,FALSE,FALSE,1,FALSE,"C",FALSE,0,TRUE,TRUE,FALSE,FALSE,NA,17,0,TRUE,FALSE,153.6
0.1,"MCAR",42,46,21,FALSE,1,TRUE,0,FALSE,TRUE,0,FALSE,"A*B + C",FALSE,0,TRUE,TRUE,TRUE,TRUE,FALSE,2,0,FALSE,FALSE,59.1
0.1,"MCAR",43,40,22,FALSE,2,FALSE,2,FALSE,FALSE,2,FALSE,"C",FALSE,0,TRUE,TRUE,TRUE,TRUE,FALSE,6,0,FALSE,FALSE,88.5
0.1,"MCAR",44,36,30,FALSE,1,TRUE,0,FALSE,FALSE,1,FALSE,NA,TRUE,0,TRUE,TRUE,TRUE,TRUE,FALSE,8,0,FALSE,FALSE,82.3
0.1,"MCAR",45,33,31,FALSE,2,FALSE,1,FALSE,FALSE,2,FALSE,NA,TRUE,0,TRUE,TRUE,TRUE,FALSE,NA,14,0,TRUE,FALSE,246.2
0.1,"MCAR",46,42,21,FALSE,2,FALSE,2,FALSE,FALSE,2,FALSE,"C",FALSE,0,TRUE,TRUE,TRUE,TRUE,FALSE,8,0,FALSE,FALSE,76.4
0.1,"MCAR",47,38,28,FALSE,2,FALSE,1,FALSE,FALSE,2,FALSE,NA,TRUE,0,TRUE,TRUE,TRUE,TRUE,FALSE,14,0,FALSE,FALSE,168.2
0.1,"MCAR",48,40,25,FALSE,1,FALSE,1,TRUE,FALSE,1,TRUE,"C",FALSE,0,TRUE,TRUE,TRUE,TRUE,FALSE,4,0,FALSE,FALSE,62.7
0.1,"MCAR",49,39,24,TRUE,0,TRUE,0,TRUE,TRUE,0,TRUE,NA,TRUE,0,TRUE,TRUE,TRUE,FALSE,NA,13,0,FALSE,FALSE,139.6
0.1,"MCAR",50,44,20,FALSE,2,FALSE,3,FALSE,FALSE,2,FALSE,"C",FALSE,0,TRUE,TRUE,TRUE,TRUE,FALSE,8,0,FALSE,FALSE,33.2
0.1,"MCAR",51,42,20,FALSE,2,FALSE,2,TRUE,FALSE,2,TRUE,"C",FALSE,0,TRUE,TRUE,TRUE,TRUE,FALSE,2,0,FALSE,FALSE,22.2
0.1,"MCAR",52,34,34,FALSE,1,FALSE,1,FALSE,FALSE,3,FALSE,"C",FALSE,0,TRUE,TRUE,TRUE,FALSE,NA,23,0,FALSE,FALSE,31.2
0.1,"MCAR",53,40,23,FALSE,1,FALSE,1,FALSE,FALSE,1,TRUE,NA,TRUE,0,TRUE,TRUE,TRUE,TRUE,FALSE,8,0,FALSE,FALSE,33.1
0.1,"MCAR",54,41,22,FALSE,1,FALSE,1,TRUE,FALSE,1,FALSE,NA,TRUE,0,TRUE,TRUE,TRUE,TRUE,FALSE,11,0,FALSE,FALSE,69
0.1,"MCAR",55,42,20,TRUE,0,FALSE,1,FALSE,FALSE,1,FALSE,"C",FALSE,0,TRUE,TRUE,TRUE,TRUE,FALSE,6,0,FALSE,FALSE,38
0.1,"MCAR",56,36,28,FALSE,2,FALSE,1,FALSE,FALSE,2,FALSE,"C",FALSE,0,TRUE,TRUE,TRUE,TRUE,FALSE,7,0,FALSE,FALSE,24.8
0.1,"MCAR",57,38,27,FALSE,3,FALSE,1,FALSE,FALSE,2,FALSE,"C",FALSE,0,TRUE,TRUE,TRUE,TRUE,FALSE,11,0,FALSE,FALSE,33.2
0.1,"MCAR",58,37,24,TRUE,0,TRUE,0,TRUE,TRUE,0,TRUE,NA,TRUE,0,TRUE,TRUE,TRUE,TRUE,FALSE,7,0,FALSE,FALSE,22.9
0.1,"MCAR",59,45,17,FALSE,1,FALSE,1,FALSE,FALSE,1,FALSE,"A*B + C",FALSE,0,TRUE,TRUE,TRUE,TRUE,FALSE,7,0,FALSE,FALSE,25
0.1,"MCAR",60,36,34,TRUE,0,TRUE,0,TRUE,TRUE,0,TRUE,NA,TRUE,0,TRUE,TRUE,TRUE,FALSE,NA,16,0,FALSE,FALSE,19.1
0.1,"MCAR",61,43,20,TRUE,0,TRUE,0,TRUE,FALSE,1,FALSE,"A*B + C",FALSE,0,TRUE,TRUE,TRUE,TRUE,FALSE,5,0,FALSE,FALSE,20.6
0.1,"MCAR",62,40,22,FALSE,1,TRUE,0,FALSE,TRUE,0,FALSE,"C",FALSE,0,TRUE,TRUE,TRUE,TRUE,FALSE,10,0,FALSE,FALSE,30.7
0.1,"MCAR",63,35,31,FALSE,1,FALSE,1,FALSE,FALSE,1,FALSE,NA,TRUE,0,TRUE,TRUE,FALSE,TRUE,FALSE,11,0,FALSE,FALSE,51.9
0.1,"MCAR",64,34,34,TRUE,0,FALSE,1,FALSE,TRUE,0,TRUE,NA,TRUE,0,TRUE,TRUE,TRUE,FALSE,NA,16,0,TRUE,FALSE,267.9
0.1,"MCAR",65,39,21,FALSE,2,FALSE,2,FALSE,FALSE,2,FALSE,"C",FALSE,0,TRUE,TRUE,TRUE,FALSE,NA,12,0,TRUE,FALSE,127.7
0.1,"MCAR",66,33,38,TRUE,0,TRUE,0,TRUE,FALSE,1,FALSE,"C",FALSE,0,TRUE,TRUE,TRUE,TRUE,FALSE,10,0,FALSE,FALSE,149.6
0.1,"MCAR",67,36,28,FALSE,1,TRUE,0,FALSE,FALSE,1,TRUE,NA,TRUE,0,TRUE,TRUE,TRUE,FALSE,NA,18,0,FALSE,FALSE,45.7
0.1,"MCAR",68,48,15,TRUE,0,TRUE,0,TRUE,TRUE,0,TRUE,"A*B + C",FALSE,0,TRUE,TRUE,TRUE,TRUE,FALSE,1,0,FALSE,FALSE,44.8
0.1,"MCAR",69,47,14,TRUE,0,TRUE,0,TRUE,TRUE,0,TRUE,"A*B + C",FALSE,0,TRUE,TRUE,TRUE,TRUE,FALSE,2,0,FALSE,FALSE,45.8
0.1,"MCAR",70,36,31,TRUE,0,TRUE,0,TRUE,TRUE,0,TRUE,NA,TRUE,0,TRUE,TRUE,TRUE,FALSE,NA,8,0,TRUE,FALSE,176.1
0.1,"MCAR",71,38,27,FALSE,1,FALSE,1,FALSE,TRUE,0,FALSE,NA,TRUE,0,TRUE,TRUE,FALSE,FALSE,NA,27,0,FALSE,FALSE,24.2
0.1,"MCAR",72,38,24,TRUE,0,FALSE,2,FALSE,FALSE,1,FALSE,"C",FALSE,0,TRUE,TRUE,TRUE,TRUE,FALSE,15,0,FALSE,FALSE,75
0.1,"MCAR",73,44,17,FALSE,2,FALSE,1,FALSE,FALSE,2,TRUE,NA,TRUE,0,TRUE,TRUE,TRUE,TRUE,FALSE,7,0,FALSE,FALSE,89.6
0.1,"MCAR",74,41,25,FALSE,3,FALSE,2,FALSE,FALSE,3,FALSE,"C",FALSE,0,TRUE,TRUE,TRUE,TRUE,FALSE,4,0,FALSE,FALSE,32.5
0.1,"MCAR",75,38,28,FALSE,2,FALSE,2,TRUE,FALSE,2,FALSE,"B + C",FALSE,1,TRUE,TRUE,TRUE,TRUE,FALSE,2,0,FALSE,FALSE,68.1
0.1,"MCAR",76,46,15,TRUE,0,TRUE,0,TRUE,TRUE,0,TRUE,"A*B + C",FALSE,0,TRUE,TRUE,TRUE,TRUE,TRUE,1,0,FALSE,FALSE,57
0.1,"MCAR",77,42,21,FALSE,2,FALSE,1,FALSE,FALSE,1,FALSE,"A*B + C",FALSE,0,TRUE,TRUE,TRUE,TRUE,FALSE,7,0,FALSE,FALSE,38
0.1,"MCAR",78,40,23,FALSE,1,FALSE,2,FALSE,FALSE,1,TRUE,"C",FALSE,0,TRUE,TRUE,FALSE,FALSE,NA,14,0,TRUE,FALSE,219.3
0.1,"MCAR",79,33,36,FALSE,2,FALSE,2,FALSE,FALSE,1,FALSE,NA,TRUE,0,TRUE,TRUE,TRUE,FALSE,NA,9,0,TRUE,FALSE,84.4
0.1,"MCAR",80,36,31,FALSE,2,FALSE,1,FALSE,FALSE,2,TRUE,"C",FALSE,0,TRUE,TRUE,FALSE,TRUE,FALSE,14,0,FALSE,FALSE,98.4
0.1,"MCAR",81,43,21,FALSE,2,FALSE,3,FALSE,FALSE,2,TRUE,"C",FALSE,0,TRUE,TRUE,FALSE,FALSE,NA,14,0,TRUE,FALSE,46.1
0.1,"MCAR",82,34,31,TRUE,0,TRUE,0,TRUE,FALSE,1,FALSE,"C",FALSE,0,TRUE,TRUE,TRUE,TRUE,FALSE,6,0,FALSE,FALSE,51
0.1,"MCAR",83,36,28,FALSE,2,FALSE,1,FALSE,FALSE,2,TRUE,"C",FALSE,0,TRUE,TRUE,TRUE,TRUE,FALSE,7,0,FALSE,FALSE,88.6
0.1,"MCAR",84,39,26,FALSE,1,FALSE,1,FALSE,FALSE,1,TRUE,"A*B",FALSE,0,TRUE,TRUE,TRUE,TRUE,FALSE,3,0,FALSE,FALSE,66.2
0.1,"MCAR",85,37,28,FALSE,1,FALSE,1,TRUE,FALSE,1,TRUE,"C",FALSE,0,TRUE,TRUE,TRUE,TRUE,FALSE,7,0,FALSE,FALSE,100.1
0.1,"MCAR",86,35,25,FALSE,1,FALSE,1,FALSE,FALSE,1,FALSE,"C",FALSE,0,TRUE,TRUE,TRUE,TRUE,FALSE,2,0,FALSE,FALSE,45.5
0.1,"MCAR",87,41,24,FALSE,1,TRUE,0,FALSE,FALSE,1,FALSE,NA,TRUE,0,TRUE,TRUE,TRUE,TRUE,FALSE,6,0,FALSE,FALSE,36.1
0.1,"MCAR",88,48,12,TRUE,0,TRUE,0,TRUE,TRUE,0,TRUE,"C",FALSE,0,TRUE,TRUE,TRUE,TRUE,FALSE,3,0,FALSE,FALSE,36
0.1,"MCAR",89,39,25,FALSE,1,FALSE,2,FALSE,FALSE,1,TRUE,"C",FALSE,0,TRUE,TRUE,TRUE,TRUE,FALSE,7,0,FALSE,FALSE,144
0.1,"MCAR",90,35,32,FALSE,1,FALSE,1,TRUE,FALSE,1,TRUE,"C",FALSE,0,TRUE,TRUE,TRUE,TRUE,FALSE,9,0,FALSE,FALSE,98.9
0.1,"MCAR",91,41,22,TRUE,0,FALSE,2,FALSE,FALSE,1,FALSE,NA,TRUE,0,TRUE,TRUE,TRUE,TRUE,FALSE,11,0,FALSE,FALSE,72.8
0.1,"MCAR",92,40,27,FALSE,1,FALSE,1,TRUE,FALSE,1,TRUE,NA,TRUE,0,TRUE,TRUE,TRUE,FALSE,NA,20,0,FALSE,FALSE,175.9
0.1,"MCAR",93,35,31,FALSE,1,TRUE,0,FALSE,FALSE,1,FALSE,"C",FALSE,0,TRUE,TRUE,TRUE,TRUE,FALSE,9,0,FALSE,FALSE,134.1
0.1,"MCAR",94,43,19,TRUE,0,TRUE,0,TRUE,TRUE,0,TRUE,"C",FALSE,0,TRUE,TRUE,TRUE,TRUE,FALSE,8,0,FALSE,FALSE,80.8
0.1,"MCAR",95,43,18,TRUE,0,TRUE,0,TRUE,TRUE,0,TRUE,"A*B + C",FALSE,0,TRUE,TRUE,TRUE,TRUE,FALSE,1,0,FALSE,FALSE,57.9
0.1,"MCAR",96,42,20,FALSE,1,FALSE,1,FALSE,FALSE,1,TRUE,"C",FALSE,0,TRUE,TRUE,TRUE,TRUE,FALSE,7,0,FALSE,FALSE,61.5
0.1,"MCAR",97,45,18,FALSE,1,FALSE,1,FALSE,FALSE,1,TRUE,"C",FALSE,0,TRUE,TRUE,TRUE,TRUE,FALSE,4,0,FALSE,FALSE,55.5
0.1,"MCAR",98,42,23,FALSE,2,FALSE,1,FALSE,FALSE,2,FALSE,NA,TRUE,0,TRUE,TRUE,TRUE,FALSE,NA,11,0,TRUE,FALSE,251.9
0.1,"MCAR",99,36,25,FALSE,2,FALSE,2,FALSE,FALSE,1,FALSE,"C",FALSE,0,TRUE,TRUE,FALSE,FALSE,NA,20,0,FALSE,FALSE,185.4
0.1,"MCAR",100,39,27,TRUE,0,TRUE,0,TRUE,FALSE,1,FALSE,"C",FALSE,0,TRUE,TRUE,TRUE,TRUE,FALSE,9,0,FALSE,FALSE,124.3
0.2,"MCAR",1,22,55,FALSE,1,FALSE,2,FALSE,FALSE,2,FALSE,NA,TRUE,0,TRUE,TRUE,TRUE,FALSE,NA,39,0,FALSE,FALSE,59.4
0.2,"MCAR",2,19,52,FALSE,2,TRUE,0,FALSE,FALSE,2,FALSE,NA,TRUE,0,TRUE,TRUE,TRUE,FALSE,NA,23,0,FALSE,FALSE,61.5
0.2,"MCAR",3,28,46,FALSE,1,TRUE,0,FALSE,TRUE,0,FALSE,NA,TRUE,0,TRUE,TRUE,TRUE,FALSE,NA,29,0,FALSE,FALSE,59.1
0.2,"MCAR",4,18,67,FALSE,1,FALSE,0,FALSE,FALSE,2,FALSE,NA,TRUE,0,TRUE,TRUE,FALSE,FALSE,NA,37,0,FALSE,FALSE,60.3
0.2,"MCAR",5,20,51,FALSE,1,FALSE,1,FALSE,FALSE,1,TRUE,NA,TRUE,0,TRUE,TRUE,TRUE,FALSE,NA,22,0,FALSE,FALSE,62
0.2,"MCAR",6,19,47,TRUE,0,FALSE,0,FALSE,TRUE,0,TRUE,NA,TRUE,0,TRUE,TRUE,TRUE,FALSE,NA,19,0,FALSE,FALSE,57.8
0.2,"MCAR",7,29,41,FALSE,2,FALSE,2,TRUE,FALSE,2,TRUE,NA,TRUE,0,TRUE,TRUE,TRUE,FALSE,NA,32,3,FALSE,FALSE,62.8
0.2,"MCAR",8,24,50,TRUE,0,TRUE,0,TRUE,FALSE,1,FALSE,NA,TRUE,0,TRUE,TRUE,TRUE,FALSE,NA,30,0,FALSE,FALSE,57.8
0.2,"MCAR",9,23,52,FALSE,1,FALSE,1,FALSE,FALSE,1,FALSE,"C",FALSE,0,TRUE,TRUE,TRUE,FALSE,NA,30,0,FALSE,FALSE,60.2
0.2,"MCAR",10,24,51,TRUE,0,TRUE,0,TRUE,TRUE,0,TRUE,NA,TRUE,0,TRUE,TRUE,TRUE,FALSE,NA,24,0,FALSE,FALSE,57.4
0.2,"MCAR",11,29,47,FALSE,1,FALSE,2,FALSE,FALSE,1,FALSE,NA,TRUE,0,TRUE,TRUE,FALSE,FALSE,NA,43,0,FALSE,FALSE,60.9
0.2,"MCAR",12,23,55,FALSE,2,FALSE,1,FALSE,FALSE,0,FALSE,NA,TRUE,0,TRUE,TRUE,TRUE,FALSE,NA,23,3,FALSE,FALSE,60.1
0.2,"MCAR",13,26,48,FALSE,2,FALSE,2,FALSE,FALSE,2,TRUE,NA,TRUE,0,TRUE,TRUE,FALSE,FALSE,NA,24,0,FALSE,FALSE,63
0.2,"MCAR",14,16,55,FALSE,2,FALSE,1,FALSE,FALSE,2,TRUE,NA,TRUE,0,TRUE,TRUE,TRUE,FALSE,NA,20,0,FALSE,FALSE,60.8
0.2,"MCAR",15,26,52,TRUE,0,TRUE,0,TRUE,TRUE,0,TRUE,NA,TRUE,0,TRUE,TRUE,TRUE,FALSE,NA,27,0,FALSE,FALSE,56.4
0.2,"MCAR",16,17,56,TRUE,0,FALSE,0,FALSE,TRUE,0,TRUE,NA,TRUE,0,TRUE,TRUE,TRUE,FALSE,NA,45,0,FALSE,FALSE,58.5
0.2,"MCAR",17,25,45,FALSE,1,TRUE,0,FALSE,FALSE,2,FALSE,"C",FALSE,0,TRUE,TRUE,TRUE,TRUE,FALSE,8,0,FALSE,FALSE,150.5
0.2,"MCAR",18,24,48,FALSE,1,FALSE,1,FALSE,FALSE,1,TRUE,NA,TRUE,0,TRUE,TRUE,FALSE,FALSE,NA,24,0,FALSE,FALSE,59.3
0.2,"MCAR",19,24,56,FALSE,1,FALSE,1,FALSE,FALSE,2,FALSE,NA,TRUE,0,TRUE,TRUE,TRUE,FALSE,NA,38,0,FALSE,FALSE,63.9
0.2,"MCAR",20,24,47,TRUE,0,TRUE,0,TRUE,TRUE,0,TRUE,NA,TRUE,0,TRUE,TRUE,TRUE,FALSE,NA,15,0,FALSE,FALSE,57.5
0.2,"MCAR",21,29,44,FALSE,1,TRUE,0,FALSE,FALSE,1,TRUE,"C",FALSE,0,TRUE,TRUE,TRUE,FALSE,NA,10,0,FALSE,FALSE,47.5
0.2,"MCAR",22,22,49,TRUE,0,FALSE,0,FALSE,FALSE,1,FALSE,NA,TRUE,0,TRUE,TRUE,FALSE,FALSE,NA,29,0,FALSE,FALSE,46.8
0.2,"MCAR",23,20,51,FALSE,1,FALSE,1,FALSE,FALSE,2,FALSE,NA,TRUE,0,TRUE,TRUE,TRUE,FALSE,NA,33,0,FALSE,FALSE,48.4
0.2,"MCAR",24,25,47,FALSE,3,FALSE,2,FALSE,FALSE,3,FALSE,NA,TRUE,0,TRUE,TRUE,TRUE,FALSE,NA,26,4,FALSE,FALSE,28.3
0.2,"MCAR",25,25,47,TRUE,0,TRUE,0,TRUE,FALSE,0,FALSE,NA,TRUE,0,TRUE,TRUE,TRUE,FALSE,NA,28,0,FALSE,FALSE,17
0.2,"MCAR",26,20,62,FALSE,2,TRUE,0,FALSE,TRUE,0,FALSE,NA,TRUE,0,TRUE,FALSE,TRUE,FALSE,NA,48,0,FALSE,FALSE,31.9
0.2,"MCAR",27,30,39,FALSE,1,FALSE,1,FALSE,FALSE,2,FALSE,NA,TRUE,0,TRUE,TRUE,TRUE,FALSE,NA,16,0,FALSE,FALSE,34.6
0.2,"MCAR",28,24,53,FALSE,3,FALSE,2,FALSE,FALSE,0,FALSE,NA,TRUE,0,TRUE,TRUE,TRUE,FALSE,NA,29,12,FALSE,FALSE,28.5
0.2,"MCAR",29,24,51,FALSE,1,FALSE,1,FALSE,FALSE,1,FALSE,NA,TRUE,0,TRUE,TRUE,FALSE,FALSE,NA,24,0,FALSE,FALSE,40.3
0.2,"MCAR",30,30,39,TRUE,0,FALSE,1,FALSE,FALSE,1,FALSE,NA,TRUE,0,TRUE,TRUE,TRUE,FALSE,NA,14,0,FALSE,FALSE,26.6
0.2,"MCAR",31,30,41,FALSE,1,FALSE,1,FALSE,TRUE,0,FALSE,NA,TRUE,0,TRUE,TRUE,TRUE,FALSE,NA,20,0,FALSE,FALSE,23.2
0.2,"MCAR",32,28,40,TRUE,0,FALSE,1,FALSE,FALSE,1,FALSE,NA,TRUE,0,TRUE,TRUE,TRUE,FALSE,NA,14,0,FALSE,FALSE,25.2
0.2,"MCAR",33,22,50,TRUE,0,TRUE,0,TRUE,TRUE,0,TRUE,NA,TRUE,0,TRUE,TRUE,TRUE,FALSE,NA,20,0,FALSE,FALSE,26.5
0.2,"MCAR",34,25,46,FALSE,1,FALSE,2,FALSE,FALSE,1,FALSE,NA,TRUE,0,TRUE,TRUE,TRUE,FALSE,NA,25,0,FALSE,FALSE,66.9
0.2,"MCAR",35,21,54,FALSE,1,FALSE,0,FALSE,FALSE,2,FALSE,NA,TRUE,0,TRUE,TRUE,FALSE,FALSE,NA,26,4,FALSE,FALSE,52.2
0.2,"MCAR",36,24,45,FALSE,1,TRUE,0,FALSE,FALSE,3,FALSE,NA,TRUE,0,TRUE,TRUE,TRUE,FALSE,NA,30,1,FALSE,FALSE,28.5
0.2,"MCAR",37,18,55,FALSE,2,FALSE,2,FALSE,FALSE,2,FALSE,"C",FALSE,0,TRUE,TRUE,TRUE,FALSE,NA,38,0,FALSE,FALSE,59.3
0.2,"MCAR",38,23,48,FALSE,2,FALSE,1,FALSE,FALSE,3,FALSE,NA,TRUE,0,TRUE,TRUE,TRUE,FALSE,NA,34,0,FALSE,FALSE,64.6
0.2,"MCAR",39,28,42,FALSE,1,TRUE,0,FALSE,FALSE,2,FALSE,"C",FALSE,0,TRUE,TRUE,TRUE,FALSE,NA,19,0,FALSE,FALSE,39.4
0.2,"MCAR",40,24,46,FALSE,1,TRUE,0,FALSE,FALSE,1,FALSE,NA,TRUE,0,TRUE,TRUE,TRUE,FALSE,NA,14,0,FALSE,FALSE,33.4
0.2,"MCAR",41,24,53,TRUE,0,FALSE,1,FALSE,FALSE,2,FALSE,NA,TRUE,0,TRUE,TRUE,TRUE,FALSE,NA,24,0,FALSE,FALSE,29.7
0.2,"MCAR",42,21,56,TRUE,0,FALSE,0,FALSE,TRUE,0,TRUE,NA,TRUE,0,TRUE,TRUE,FALSE,FALSE,NA,23,0,FALSE,FALSE,58.4
0.2,"MCAR",43,13,57,TRUE,0,FALSE,0,FALSE,FALSE,1,FALSE,NA,TRUE,0,TRUE,TRUE,TRUE,FALSE,NA,22,0,FALSE,FALSE,45.8
0.2,"MCAR",44,21,55,FALSE,2,TRUE,0,FALSE,FALSE,1,FALSE,NA,TRUE,0,TRUE,TRUE,TRUE,FALSE,NA,29,0,FALSE,FALSE,23.1
0.2,"MCAR",45,24,50,FALSE,1,FALSE,1,FALSE,FALSE,1,FALSE,NA,TRUE,0,TRUE,TRUE,TRUE,FALSE,NA,16,0,FALSE,FALSE,30.1
0.2,"MCAR",46,23,52,FALSE,2,FALSE,1,FALSE,FALSE,2,FALSE,"C",FALSE,0,TRUE,TRUE,TRUE,FALSE,NA,42,0,FALSE,FALSE,41.2
0.2,"MCAR",47,19,52,FALSE,1,FALSE,1,FALSE,TRUE,0,FALSE,NA,TRUE,0,TRUE,TRUE,FALSE,FALSE,NA,38,0,FALSE,FALSE,27
0.2,"MCAR",48,24,46,FALSE,1,FALSE,0,FALSE,FALSE,0,FALSE,"C",FALSE,0,TRUE,TRUE,FALSE,FALSE,NA,22,5,TRUE,FALSE,386.5
0.2,"MCAR",49,28,45,FALSE,1,TRUE,0,FALSE,FALSE,1,TRUE,NA,TRUE,0,TRUE,TRUE,TRUE,FALSE,NA,20,0,FALSE,FALSE,59.8
0.2,"MCAR",50,20,56,FALSE,1,FALSE,1,TRUE,FALSE,1,TRUE,NA,TRUE,0,TRUE,TRUE,TRUE,FALSE,NA,24,0,FALSE,FALSE,29.8
0.2,"MCAR",51,24,54,TRUE,0,FALSE,1,FALSE,TRUE,0,TRUE,NA,TRUE,0,TRUE,TRUE,TRUE,FALSE,NA,39,0,FALSE,FALSE,37.4
0.2,"MCAR",52,31,36,FALSE,1,FALSE,3,FALSE,FALSE,2,FALSE,"C",FALSE,0,TRUE,TRUE,TRUE,FALSE,NA,16,4,TRUE,FALSE,208.5
0.2,"MCAR",53,16,55,FALSE,2,FALSE,1,FALSE,FALSE,1,FALSE,NA,TRUE,0,TRUE,TRUE,TRUE,FALSE,NA,17,1,FALSE,FALSE,62.5
0.2,"MCAR",54,27,44,TRUE,0,FALSE,1,FALSE,TRUE,0,TRUE,"C",FALSE,0,TRUE,TRUE,TRUE,FALSE,NA,28,0,FALSE,FALSE,50.3
0.2,"MCAR",55,25,43,TRUE,0,TRUE,0,TRUE,TRUE,0,TRUE,NA,TRUE,0,TRUE,TRUE,TRUE,FALSE,NA,16,0,TRUE,FALSE,186.4
0.2,"MCAR",56,24,50,FALSE,2,FALSE,1,FALSE,FALSE,2,FALSE,NA,TRUE,0,TRUE,TRUE,TRUE,FALSE,NA,18,0,FALSE,FALSE,69.8
0.2,"MCAR",57,25,49,TRUE,0,FALSE,1,FALSE,TRUE,0,TRUE,NA,TRUE,0,TRUE,TRUE,TRUE,FALSE,NA,34,1,FALSE,FALSE,63.5
0.2,"MCAR",58,20,52,FALSE,1,FALSE,1,FALSE,FALSE,1,TRUE,NA,TRUE,0,TRUE,TRUE,TRUE,FALSE,NA,29,0,FALSE,FALSE,58
0.2,"MCAR",59,27,46,TRUE,0,TRUE,0,TRUE,TRUE,0,TRUE,NA,TRUE,0,TRUE,TRUE,TRUE,FALSE,NA,16,0,FALSE,FALSE,58.5
0.2,"MCAR",60,21,48,TRUE,0,TRUE,0,TRUE,FALSE,0,FALSE,NA,TRUE,0,TRUE,TRUE,TRUE,FALSE,NA,15,0,FALSE,FALSE,52.2
0.2,"MCAR",61,29,43,TRUE,0,FALSE,2,FALSE,FALSE,2,FALSE,NA,TRUE,0,TRUE,TRUE,FALSE,FALSE,NA,17,0,FALSE,FALSE,60.4
0.2,"MCAR",62,26,40,FALSE,3,FALSE,2,FALSE,FALSE,3,FALSE,"C",FALSE,0,TRUE,TRUE,TRUE,FALSE,NA,19,1,FALSE,FALSE,173
0.2,"MCAR",63,27,48,FALSE,1,FALSE,1,FALSE,FALSE,1,FALSE,NA,TRUE,0,TRUE,TRUE,TRUE,FALSE,NA,20,0,FALSE,FALSE,60.9
0.2,"MCAR",64,20,51,TRUE,0,TRUE,0,TRUE,TRUE,0,TRUE,NA,TRUE,0,TRUE,TRUE,TRUE,FALSE,NA,22,0,FALSE,FALSE,60.9
0.2,"MCAR",65,26,50,FALSE,1,FALSE,2,FALSE,FALSE,2,FALSE,NA,TRUE,0,TRUE,TRUE,TRUE,FALSE,NA,29,0,FALSE,FALSE,64.2
0.2,"MCAR",66,27,46,FALSE,1,FALSE,2,FALSE,FALSE,1,TRUE,NA,TRUE,0,TRUE,TRUE,FALSE,FALSE,NA,11,0,FALSE,FALSE,183.9
0.2,"MCAR",67,24,48,FALSE,1,FALSE,1,FALSE,FALSE,2,FALSE,NA,TRUE,0,TRUE,TRUE,FALSE,FALSE,NA,37,0,FALSE,FALSE,63.4
0.2,"MCAR",68,22,47,FALSE,1,FALSE,3,FALSE,FALSE,1,FALSE,NA,TRUE,0,TRUE,TRUE,FALSE,FALSE,NA,30,0,FALSE,FALSE,62.9
0.2,"MCAR",69,21,53,FALSE,1,FALSE,1,FALSE,TRUE,0,FALSE,NA,TRUE,0,TRUE,TRUE,FALSE,FALSE,NA,28,0,FALSE,FALSE,57.5
0.2,"MCAR",70,17,63,FALSE,2,FALSE,1,FALSE,FALSE,2,FALSE,NA,TRUE,0,TRUE,TRUE,TRUE,FALSE,NA,24,0,FALSE,FALSE,58.5
0.2,"MCAR",71,22,50,FALSE,1,FALSE,1,TRUE,FALSE,3,FALSE,NA,TRUE,0,TRUE,TRUE,TRUE,FALSE,NA,14,0,FALSE,FALSE,60.1
0.2,"MCAR",72,21,53,FALSE,2,FALSE,2,TRUE,FALSE,1,FALSE,NA,TRUE,0,TRUE,TRUE,TRUE,FALSE,NA,30,0,FALSE,FALSE,60.4
0.2,"MCAR",73,28,44,FALSE,1,FALSE,1,TRUE,FALSE,1,TRUE,NA,TRUE,0,TRUE,TRUE,TRUE,FALSE,NA,20,0,FALSE,FALSE,59.9
0.2,"MCAR",74,29,45,TRUE,0,FALSE,1,FALSE,FALSE,1,FALSE,"C",FALSE,0,TRUE,TRUE,TRUE,FALSE,NA,12,0,FALSE,FALSE,56
0.2,"MCAR",75,26,45,FALSE,1,FALSE,0,FALSE,FALSE,2,FALSE,NA,TRUE,0,TRUE,TRUE,FALSE,FALSE,NA,21,0,TRUE,FALSE,492.8
0.2,"MCAR",76,25,51,FALSE,2,FALSE,1,FALSE,FALSE,2,FALSE,NA,TRUE,0,TRUE,TRUE,TRUE,FALSE,NA,36,0,FALSE,FALSE,62.6
0.2,"MCAR",77,31,38,FALSE,1,TRUE,0,FALSE,TRUE,0,FALSE,NA,TRUE,0,TRUE,TRUE,TRUE,FALSE,NA,33,0,FALSE,FALSE,57.4
0.2,"MCAR",78,24,46,FALSE,1,TRUE,0,FALSE,FALSE,2,FALSE,NA,TRUE,0,TRUE,TRUE,TRUE,FALSE,NA,19,0,FALSE,FALSE,60.4
0.2,"MCAR",79,25,43,FALSE,1,FALSE,1,TRUE,FALSE,1,TRUE,NA,TRUE,0,TRUE,TRUE,TRUE,FALSE,NA,20,0,FALSE,FALSE,60
0.2,"MCAR",80,19,59,FALSE,2,TRUE,0,FALSE,FALSE,1,FALSE,NA,TRUE,0,TRUE,TRUE,TRUE,FALSE,NA,22,0,FALSE,FALSE,61.5
0.2,"MCAR",81,22,53,FALSE,1,FALSE,1,FALSE,FALSE,1,FALSE,NA,TRUE,0,TRUE,TRUE,TRUE,FALSE,NA,30,0,FALSE,FALSE,60
0.2,"MCAR",82,23,44,FALSE,2,FALSE,2,FALSE,FALSE,3,FALSE,NA,TRUE,0,TRUE,TRUE,TRUE,FALSE,NA,15,0,FALSE,FALSE,33.2
0.2,"MCAR",83,26,46,FALSE,1,FALSE,1,FALSE,FALSE,1,FALSE,NA,TRUE,0,TRUE,TRUE,FALSE,FALSE,NA,29,0,FALSE,FALSE,34.7
0.2,"MCAR",84,21,47,FALSE,1,FALSE,1,TRUE,FALSE,1,FALSE,NA,TRUE,0,TRUE,TRUE,TRUE,FALSE,NA,20,0,FALSE,FALSE,29.7
0.2,"MCAR",85,26,47,FALSE,1,TRUE,0,FALSE,FALSE,2,FALSE,NA,TRUE,0,TRUE,TRUE,TRUE,FALSE,NA,21,0,FALSE,FALSE,165.1
0.2,"MCAR",86,23,56,FALSE,2,FALSE,2,TRUE,FALSE,2,TRUE,NA,TRUE,0,TRUE,TRUE,TRUE,FALSE,NA,29,4,FALSE,FALSE,69
0.2,"MCAR",87,21,56,TRUE,0,FALSE,0,FALSE,TRUE,0,TRUE,NA,TRUE,0,TRUE,TRUE,FALSE,FALSE,NA,37,0,FALSE,FALSE,36.6
0.2,"MCAR",88,24,51,FALSE,2,FALSE,2,FALSE,FALSE,2,FALSE,NA,TRUE,0,TRUE,TRUE,TRUE,FALSE,NA,43,0,FALSE,FALSE,36.4
0.2,"MCAR",89,20,48,TRUE,0,TRUE,0,TRUE,FALSE,1,FALSE,NA,TRUE,0,TRUE,TRUE,TRUE,FALSE,NA,17,0,FALSE,FALSE,60
0.2,"MCAR",90,27,44,TRUE,0,FALSE,1,FALSE,TRUE,0,TRUE,NA,TRUE,0,TRUE,TRUE,FALSE,FALSE,NA,18,0,FALSE,FALSE,58.7
0.2,"MCAR",91,24,49,FALSE,1,FALSE,2,FALSE,FALSE,1,TRUE,NA,TRUE,0,TRUE,TRUE,TRUE,FALSE,NA,30,0,FALSE,FALSE,32.6
0.2,"MCAR",92,31,44,TRUE,0,TRUE,0,TRUE,TRUE,0,TRUE,NA,TRUE,0,TRUE,TRUE,TRUE,FALSE,NA,18,0,FALSE,FALSE,35.4
0.2,"MCAR",93,27,44,FALSE,1,TRUE,0,FALSE,FALSE,2,FALSE,NA,TRUE,0,TRUE,TRUE,TRUE,TRUE,FALSE,10,0,FALSE,FALSE,141
0.2,"MCAR",94,23,47,FALSE,1,FALSE,1,FALSE,FALSE,2,FALSE,NA,TRUE,0,TRUE,TRUE,TRUE,FALSE,NA,31,0,FALSE,FALSE,28
0.2,"MCAR",95,23,51,FALSE,1,TRUE,0,FALSE,FALSE,1,TRUE,NA,TRUE,0,TRUE,TRUE,FALSE,FALSE,NA,33,0,FALSE,FALSE,26.3
0.2,"MCAR",96,23,49,FALSE,1,FALSE,1,TRUE,FALSE,1,TRUE,NA,TRUE,0,TRUE,TRUE,TRUE,FALSE,NA,29,0,FALSE,FALSE,44.2
0.2,"MCAR",97,29,46,FALSE,1,FALSE,1,TRUE,TRUE,0,FALSE,NA,TRUE,0,TRUE,TRUE,TRUE,FALSE,NA,27,0,FALSE,FALSE,23.4
0.2,"MCAR",98,26,46,FALSE,1,FALSE,1,FALSE,FALSE,1,TRUE,NA,TRUE,0,TRUE,TRUE,TRUE,FALSE,NA,20,0,FALSE,FALSE,43.9
0.2,"MCAR",99,24,52,FALSE,1,TRUE,0,FALSE,FALSE,2,FALSE,NA,TRUE,0,TRUE,TRUE,TRUE,FALSE,NA,10,0,FALSE,FALSE,60.7
0.2,"MCAR",100,22,53,FALSE,2,FALSE,1,FALSE,FALSE,2,FALSE,NA,TRUE,0,TRUE,TRUE,TRUE,FALSE,NA,25,4,FALSE,FALSE,32.2
0.05,"MNAR_alto",1,49,12,FALSE,2,FALSE,1,FALSE,FALSE,2,TRUE,"A*~D",FALSE,1,TRUE,TRUE,TRUE,TRUE,FALSE,4,0,FALSE,FALSE,35
0.05,"MNAR_alto",2,45,17,FALSE,1,FALSE,1,TRUE,FALSE,1,TRUE,"A*B + C",FALSE,0,TRUE,TRUE,TRUE,TRUE,FALSE,3,0,FALSE,FALSE,66.3
0.05,"MNAR_alto",3,48,13,FALSE,1,FALSE,1,TRUE,FALSE,1,TRUE,"B + C",FALSE,1,TRUE,TRUE,TRUE,TRUE,TRUE,1,0,FALSE,FALSE,61.5
0.05,"MNAR_alto",4,47,14,FALSE,1,TRUE,0,FALSE,FALSE,1,TRUE,"A*B + C",FALSE,0,TRUE,TRUE,TRUE,TRUE,FALSE,2,0,FALSE,FALSE,63.4
0.05,"MNAR_alto",5,47,16,FALSE,2,FALSE,1,FALSE,FALSE,2,TRUE,"C",FALSE,0,TRUE,TRUE,TRUE,TRUE,FALSE,5,0,FALSE,FALSE,74
0.05,"MNAR_alto",6,43,17,TRUE,0,TRUE,0,TRUE,FALSE,1,FALSE,"A*B + C",FALSE,0,TRUE,TRUE,TRUE,TRUE,FALSE,2,0,FALSE,FALSE,37.5
0.05,"MNAR_alto",7,47,15,FALSE,2,FALSE,2,TRUE,FALSE,2,TRUE,"A + B + C",FALSE,2,TRUE,TRUE,TRUE,TRUE,FALSE,1,0,FALSE,FALSE,31.7
0.05,"MNAR_alto",8,45,16,FALSE,2,FALSE,2,TRUE,FALSE,2,TRUE,"C",FALSE,0,TRUE,TRUE,TRUE,TRUE,FALSE,4,0,FALSE,FALSE,35.9
0.05,"MNAR_alto",9,45,16,TRUE,0,TRUE,0,TRUE,TRUE,0,TRUE,"A*B + C",FALSE,0,TRUE,TRUE,TRUE,TRUE,FALSE,1,0,FALSE,FALSE,47.9
0.05,"MNAR_alto",10,50,11,TRUE,0,TRUE,0,TRUE,TRUE,0,TRUE,"A*B + C",FALSE,0,TRUE,TRUE,TRUE,TRUE,FALSE,1,0,FALSE,FALSE,57.1
0.05,"MNAR_alto",11,47,15,FALSE,3,FALSE,0,FALSE,FALSE,3,TRUE,"C",FALSE,0,TRUE,TRUE,TRUE,TRUE,FALSE,4,0,FALSE,FALSE,70.2
0.05,"MNAR_alto",12,50,11,FALSE,1,FALSE,2,FALSE,FALSE,2,FALSE,"C",FALSE,0,TRUE,TRUE,TRUE,TRUE,FALSE,5,0,FALSE,FALSE,59.8
0.05,"MNAR_alto",13,50,11,FALSE,1,FALSE,1,TRUE,FALSE,1,TRUE,"A*B + C + D",FALSE,1,TRUE,TRUE,TRUE,TRUE,FALSE,1,0,FALSE,FALSE,65.8
0.05,"MNAR_alto",14,49,12,FALSE,2,FALSE,2,TRUE,FALSE,2,TRUE,"A*D + B*~D + C",FALSE,2,TRUE,TRUE,TRUE,TRUE,TRUE,1,0,FALSE,FALSE,49.4
0.05,"MNAR_alto",15,51,10,TRUE,0,TRUE,0,TRUE,TRUE,0,TRUE,"A*B + C",FALSE,0,TRUE,TRUE,TRUE,TRUE,FALSE,1,0,FALSE,FALSE,61.5
0.05,"MNAR_alto",16,46,16,FALSE,2,FALSE,2,TRUE,FALSE,2,TRUE,"B + C",FALSE,1,TRUE,TRUE,TRUE,TRUE,FALSE,3,0,FALSE,FALSE,77.4
0.05,"MNAR_alto",17,51,9,FALSE,3,FALSE,2,FALSE,FALSE,3,TRUE,"B + C",FALSE,1,TRUE,TRUE,TRUE,TRUE,FALSE,4,0,FALSE,FALSE,73.4
0.05,"MNAR_alto",18,45,16,FALSE,1,TRUE,0,FALSE,FALSE,2,FALSE,"C",FALSE,0,TRUE,TRUE,TRUE,TRUE,FALSE,5,0,FALSE,FALSE,74
0.05,"MNAR_alto",19,48,12,TRUE,0,FALSE,1,FALSE,FALSE,1,FALSE,"A*B + C",FALSE,0,TRUE,TRUE,TRUE,TRUE,FALSE,2,0,FALSE,FALSE,61
0.05,"MNAR_alto",20,49,12,FALSE,2,FALSE,1,FALSE,FALSE,1,FALSE,"C",FALSE,0,TRUE,TRUE,TRUE,TRUE,FALSE,3,0,FALSE,FALSE,63.6
0.05,"MNAR_alto",21,49,13,FALSE,1,FALSE,1,TRUE,FALSE,1,FALSE,"C",FALSE,0,TRUE,TRUE,TRUE,TRUE,FALSE,2,0,FALSE,FALSE,62.1
0.05,"MNAR_alto",22,47,14,FALSE,1,FALSE,1,TRUE,FALSE,1,TRUE,"A*B + B*D + C",FALSE,1,TRUE,TRUE,TRUE,TRUE,FALSE,1,0,FALSE,FALSE,50.3
0.05,"MNAR_alto",23,47,13,TRUE,0,TRUE,0,TRUE,FALSE,1,FALSE,"A*B + C",FALSE,0,TRUE,TRUE,TRUE,TRUE,FALSE,1,0,FALSE,FALSE,49
0.05,"MNAR_alto",24,43,17,FALSE,1,FALSE,1,FALSE,FALSE,1,TRUE,"C",FALSE,0,TRUE,TRUE,TRUE,TRUE,FALSE,2,0,FALSE,FALSE,63.4
0.05,"MNAR_alto",25,43,18,FALSE,1,FALSE,1,FALSE,FALSE,2,FALSE,"C",FALSE,0,TRUE,TRUE,TRUE,TRUE,FALSE,4,0,FALSE,FALSE,66.7
0.05,"MNAR_alto",26,51,9,FALSE,1,TRUE,0,FALSE,TRUE,0,FALSE,"C",FALSE,0,TRUE,TRUE,TRUE,TRUE,FALSE,3,0,FALSE,FALSE,66.5
0.05,"MNAR_alto",27,51,10,FALSE,3,FALSE,2,FALSE,FALSE,3,TRUE,"B*D + C",FALSE,1,TRUE,TRUE,TRUE,TRUE,FALSE,4,0,FALSE,FALSE,70.7
0.05,"MNAR_alto",28,48,13,TRUE,0,TRUE,0,TRUE,FALSE,1,FALSE,"A*B + C",FALSE,0,TRUE,TRUE,TRUE,TRUE,FALSE,3,0,FALSE,FALSE,63.4
0.05,"MNAR_alto",29,49,11,FALSE,1,FALSE,1,TRUE,FALSE,1,TRUE,"A*B + C",FALSE,0,TRUE,TRUE,TRUE,TRUE,FALSE,2,0,FALSE,FALSE,60.6
0.05,"MNAR_alto",30,50,12,FALSE,2,FALSE,2,TRUE,FALSE,2,TRUE,"~D + A + C",FALSE,2,TRUE,TRUE,TRUE,TRUE,FALSE,2,0,FALSE,FALSE,67.1
0.05,"MNAR_alto",31,46,15,FALSE,1,FALSE,1,FALSE,FALSE,2,FALSE,"C",FALSE,0,TRUE,TRUE,TRUE,TRUE,FALSE,12,0,FALSE,FALSE,85.7
0.05,"MNAR_alto",32,39,22,FALSE,1,FALSE,1,FALSE,FALSE,2,FALSE,"C",FALSE,0,TRUE,TRUE,TRUE,TRUE,FALSE,5,0,FALSE,FALSE,67.3
0.05,"MNAR_alto",33,47,14,TRUE,0,TRUE,0,TRUE,TRUE,0,TRUE,"A*B + C",FALSE,0,TRUE,TRUE,TRUE,TRUE,FALSE,1,0,FALSE,FALSE,55.2
0.05,"MNAR_alto",34,47,15,FALSE,1,TRUE,0,FALSE,FALSE,1,TRUE,"A*B + C",FALSE,0,TRUE,TRUE,TRUE,TRUE,FALSE,2,0,FALSE,FALSE,62.3
0.05,"MNAR_alto",35,50,10,FALSE,1,FALSE,1,TRUE,FALSE,1,TRUE,"A*B + B*~D + C",FALSE,1,TRUE,TRUE,TRUE,TRUE,TRUE,1,0,FALSE,FALSE,59.4
0.05,"MNAR_alto",36,49,15,TRUE,0,TRUE,0,TRUE,FALSE,1,FALSE,"A*B + C",FALSE,0,TRUE,TRUE,TRUE,TRUE,FALSE,2,0,FALSE,FALSE,59.6
0.05,"MNAR_alto",37,48,12,FALSE,2,FALSE,1,FALSE,FALSE,2,FALSE,"C",FALSE,0,TRUE,TRUE,TRUE,TRUE,FALSE,7,0,FALSE,FALSE,68
0.05,"MNAR_alto",38,45,16,TRUE,0,TRUE,0,FALSE,TRUE,0,TRUE,"A*B + C",FALSE,0,TRUE,TRUE,TRUE,TRUE,FALSE,5,0,FALSE,FALSE,44.3
0.05,"MNAR_alto",39,47,14,FALSE,1,FALSE,1,FALSE,FALSE,1,FALSE,"C",FALSE,0,TRUE,TRUE,TRUE,TRUE,FALSE,3,0,FALSE,FALSE,35.7
0.05,"MNAR_alto",40,53,8,TRUE,0,TRUE,0,TRUE,TRUE,0,TRUE,"A*B + C",FALSE,0,TRUE,TRUE,TRUE,TRUE,TRUE,1,0,FALSE,FALSE,26.6
0.05,"MNAR_alto",41,48,12,TRUE,0,TRUE,0,TRUE,TRUE,0,TRUE,"A*B + C",FALSE,0,TRUE,TRUE,TRUE,TRUE,TRUE,1,0,FALSE,FALSE,44.7
0.05,"MNAR_alto",42,49,12,TRUE,0,TRUE,0,TRUE,TRUE,0,TRUE,"A*B + C",FALSE,0,TRUE,TRUE,TRUE,TRUE,FALSE,1,0,FALSE,FALSE,21.9
0.05,"MNAR_alto",43,49,11,TRUE,0,TRUE,0,TRUE,TRUE,0,TRUE,"A*B + C",FALSE,0,TRUE,TRUE,TRUE,TRUE,TRUE,1,0,FALSE,FALSE,22.7
0.05,"MNAR_alto",44,45,18,FALSE,2,FALSE,1,FALSE,FALSE,2,FALSE,"C",FALSE,0,TRUE,TRUE,TRUE,TRUE,FALSE,3,0,FALSE,FALSE,28.2
0.05,"MNAR_alto",45,46,18,FALSE,3,FALSE,1,FALSE,FALSE,3,FALSE,"C",FALSE,0,TRUE,TRUE,TRUE,TRUE,FALSE,7,0,FALSE,FALSE,75.1
0.05,"MNAR_alto",46,44,18,FALSE,1,FALSE,1,TRUE,FALSE,1,TRUE,"C + D",FALSE,1,TRUE,TRUE,TRUE,TRUE,FALSE,2,0,FALSE,FALSE,58.3
0.05,"MNAR_alto",47,45,16,FALSE,1,FALSE,1,TRUE,FALSE,1,TRUE,"~B*D + A*B + C",FALSE,1,TRUE,TRUE,TRUE,TRUE,FALSE,1,0,FALSE,FALSE,29.1
0.05,"MNAR_alto",48,43,20,TRUE,0,TRUE,0,TRUE,TRUE,0,TRUE,"A*B + C",FALSE,0,TRUE,TRUE,TRUE,TRUE,TRUE,1,0,FALSE,FALSE,53.2
0.05,"MNAR_alto",49,51,9,FALSE,1,TRUE,0,FALSE,FALSE,1,TRUE,"A*B + C",FALSE,0,TRUE,TRUE,TRUE,TRUE,FALSE,2,0,FALSE,FALSE,62.6
0.05,"MNAR_alto",50,53,7,TRUE,0,TRUE,0,TRUE,FALSE,1,FALSE,"A*B + C",FALSE,0,TRUE,TRUE,TRUE,TRUE,FALSE,2,0,FALSE,FALSE,44.2
0.05,"MNAR_alto",51,46,16,FALSE,2,FALSE,2,TRUE,FALSE,2,TRUE,"A + C + D",FALSE,2,TRUE,TRUE,TRUE,TRUE,FALSE,1,0,FALSE,FALSE,31.3
0.05,"MNAR_alto",52,47,13,TRUE,0,TRUE,0,TRUE,TRUE,0,TRUE,"A*B + C",FALSE,0,TRUE,TRUE,TRUE,TRUE,FALSE,2,0,FALSE,FALSE,34.2
0.05,"MNAR_alto",53,45,16,FALSE,1,FALSE,1,FALSE,FALSE,1,FALSE,"A*B + C",FALSE,0,TRUE,TRUE,TRUE,TRUE,FALSE,3,0,FALSE,FALSE,63.6
0.05,"MNAR_alto",54,46,15,FALSE,2,TRUE,0,FALSE,FALSE,2,TRUE,"C",FALSE,0,TRUE,TRUE,FALSE,TRUE,FALSE,6,0,FALSE,FALSE,47.5
0.05,"MNAR_alto",55,49,12,FALSE,1,TRUE,0,FALSE,FALSE,1,TRUE,"A*B + C",FALSE,0,TRUE,TRUE,TRUE,TRUE,FALSE,2,0,FALSE,FALSE,24.9
0.05,"MNAR_alto",56,47,14,FALSE,1,TRUE,0,FALSE,FALSE,1,TRUE,"A*B + C",FALSE,0,TRUE,TRUE,TRUE,TRUE,FALSE,3,0,FALSE,FALSE,30.2
0.05,"MNAR_alto",57,47,15,TRUE,0,TRUE,0,TRUE,FALSE,1,FALSE,"A*B + C",FALSE,0,TRUE,TRUE,TRUE,TRUE,FALSE,2,0,FALSE,FALSE,44.8
0.05,"MNAR_alto",58,44,19,FALSE,2,FALSE,1,FALSE,FALSE,2,FALSE,"C",FALSE,0,TRUE,TRUE,TRUE,TRUE,FALSE,7,0,FALSE,FALSE,27.5
0.05,"MNAR_alto",59,50,13,TRUE,0,TRUE,0,TRUE,TRUE,0,TRUE,"A*B + C",FALSE,0,TRUE,TRUE,TRUE,TRUE,FALSE,1,0,FALSE,FALSE,38.5
0.05,"MNAR_alto",60,49,11,TRUE,0,FALSE,1,FALSE,FALSE,1,FALSE,"C",FALSE,0,TRUE,TRUE,TRUE,TRUE,FALSE,3,0,FALSE,FALSE,62
0.05,"MNAR_alto",61,42,20,TRUE,0,TRUE,0,TRUE,TRUE,0,TRUE,"A*B + C",FALSE,0,TRUE,TRUE,TRUE,TRUE,FALSE,3,0,FALSE,FALSE,34.8
0.05,"MNAR_alto",62,47,13,TRUE,0,TRUE,0,TRUE,FALSE,1,FALSE,"A*B + C",FALSE,0,TRUE,TRUE,TRUE,TRUE,FALSE,2,0,FALSE,FALSE,26.9
0.05,"MNAR_alto",63,50,11,FALSE,3,FALSE,2,FALSE,FALSE,3,FALSE,NA,TRUE,0,TRUE,TRUE,TRUE,TRUE,FALSE,4,0,FALSE,FALSE,72.8
0.05,"MNAR_alto",64,44,16,FALSE,1,FALSE,1,FALSE,FALSE,2,FALSE,"A*D + C",FALSE,1,TRUE,TRUE,TRUE,TRUE,FALSE,4,0,FALSE,FALSE,64.9
0.05,"MNAR_alto",65,50,14,FALSE,2,FALSE,2,TRUE,FALSE,2,TRUE,"C",FALSE,0,TRUE,TRUE,TRUE,TRUE,FALSE,3,0,FALSE,FALSE,68.9
0.05,"MNAR_alto",66,49,13,FALSE,2,FALSE,1,FALSE,FALSE,2,TRUE,"C",FALSE,0,TRUE,TRUE,TRUE,TRUE,FALSE,3,0,FALSE,FALSE,62.5
0.05,"MNAR_alto",67,49,14,FALSE,1,TRUE,0,FALSE,TRUE,0,FALSE,"A*B + C",FALSE,0,TRUE,TRUE,TRUE,TRUE,FALSE,2,0,FALSE,FALSE,33.6
0.05,"MNAR_alto",68,49,12,FALSE,1,FALSE,1,TRUE,FALSE,1,TRUE,"A*B + A*D + C",FALSE,1,TRUE,TRUE,TRUE,TRUE,TRUE,1,0,FALSE,FALSE,32.8
0.05,"MNAR_alto",69,50,12,TRUE,0,TRUE,0,TRUE,TRUE,0,TRUE,"A*B + C",FALSE,0,TRUE,TRUE,TRUE,TRUE,TRUE,1,0,FALSE,FALSE,31.5
0.05,"MNAR_alto",70,44,17,FALSE,1,FALSE,1,TRUE,FALSE,1,TRUE,"~A*~B + A*B + C",FALSE,1,TRUE,TRUE,TRUE,TRUE,FALSE,1,0,FALSE,FALSE,50
0.05,"MNAR_alto",71,49,11,TRUE,0,TRUE,0,TRUE,TRUE,0,TRUE,"A*B + C",FALSE,0,TRUE,TRUE,TRUE,TRUE,FALSE,1,0,FALSE,FALSE,54.8
0.05,"MNAR_alto",72,44,17,TRUE,0,TRUE,0,TRUE,FALSE,1,FALSE,"A*B + C",FALSE,0,TRUE,TRUE,TRUE,TRUE,FALSE,2,0,FALSE,FALSE,50.1
0.05,"MNAR_alto",73,53,8,FALSE,2,FALSE,2,FALSE,FALSE,3,FALSE,NA,TRUE,0,TRUE,TRUE,TRUE,FALSE,NA,7,0,TRUE,FALSE,80.7
0.05,"MNAR_alto",74,48,13,FALSE,1,FALSE,2,FALSE,FALSE,1,TRUE,"A*B + C",FALSE,0,TRUE,TRUE,TRUE,TRUE,FALSE,2,0,FALSE,FALSE,69.8
0.05,"MNAR_alto",75,51,9,FALSE,1,FALSE,1,FALSE,FALSE,1,TRUE,"C",FALSE,0,TRUE,TRUE,TRUE,TRUE,FALSE,4,0,FALSE,FALSE,53.7
0.05,"MNAR_alto",76,41,21,TRUE,0,TRUE,0,TRUE,TRUE,0,TRUE,"A*B + C",FALSE,0,TRUE,TRUE,TRUE,TRUE,FALSE,1,0,FALSE,FALSE,61.1
0.05,"MNAR_alto",77,44,18,TRUE,0,TRUE,0,TRUE,TRUE,0,TRUE,"A*B + C",FALSE,0,TRUE,TRUE,TRUE,TRUE,FALSE,1,0,FALSE,FALSE,68
0.05,"MNAR_alto",78,41,21,TRUE,0,FALSE,1,FALSE,FALSE,1,FALSE,"C",FALSE,0,TRUE,TRUE,TRUE,TRUE,FALSE,3,0,FALSE,FALSE,66.1
0.05,"MNAR_alto",79,43,20,FALSE,2,FALSE,2,FALSE,FALSE,2,TRUE,"C",FALSE,0,TRUE,TRUE,TRUE,TRUE,FALSE,5,0,FALSE,FALSE,81.2
0.05,"MNAR_alto",80,49,13,TRUE,0,TRUE,0,TRUE,TRUE,0,TRUE,"A*B + C",FALSE,0,TRUE,TRUE,TRUE,TRUE,FALSE,2,0,FALSE,FALSE,58.6
0.05,"MNAR_alto",81,49,13,FALSE,1,TRUE,0,FALSE,FALSE,1,FALSE,"C",FALSE,0,TRUE,TRUE,TRUE,TRUE,FALSE,3,0,FALSE,FALSE,64
0.05,"MNAR_alto",82,51,10,FALSE,1,FALSE,1,FALSE,FALSE,1,TRUE,"C",FALSE,0,TRUE,TRUE,TRUE,TRUE,FALSE,2,0,FALSE,FALSE,61.8
0.05,"MNAR_alto",83,51,9,FALSE,1,FALSE,1,TRUE,FALSE,1,TRUE,"A + C",FALSE,1,TRUE,TRUE,TRUE,TRUE,FALSE,1,0,FALSE,FALSE,46.9
0.05,"MNAR_alto",84,46,14,TRUE,0,TRUE,0,TRUE,TRUE,0,TRUE,"A*B + C",FALSE,0,TRUE,TRUE,TRUE,TRUE,FALSE,3,0,FALSE,FALSE,56.1
0.05,"MNAR_alto",85,47,14,FALSE,3,FALSE,2,FALSE,FALSE,3,TRUE,"C",FALSE,0,TRUE,TRUE,FALSE,TRUE,FALSE,3,0,FALSE,FALSE,75.1
0.05,"MNAR_alto",86,48,14,FALSE,1,FALSE,1,TRUE,FALSE,1,TRUE,"A*B + C",FALSE,0,TRUE,TRUE,TRUE,TRUE,FALSE,2,0,FALSE,FALSE,61.6
0.05,"MNAR_alto",87,45,17,FALSE,1,TRUE,0,FALSE,FALSE,1,TRUE,"A*B + C",FALSE,0,TRUE,TRUE,TRUE,TRUE,FALSE,2,0,FALSE,FALSE,66.4
0.05,"MNAR_alto",88,47,13,FALSE,3,FALSE,1,FALSE,FALSE,3,TRUE,"B + C",FALSE,1,TRUE,TRUE,TRUE,TRUE,FALSE,3,0,FALSE,FALSE,72.1
0.05,"MNAR_alto",89,49,14,TRUE,0,TRUE,0,TRUE,TRUE,0,TRUE,"A*B + C",FALSE,0,TRUE,TRUE,TRUE,TRUE,FALSE,2,0,FALSE,FALSE,61.4
0.05,"MNAR_alto",90,47,14,FALSE,2,FALSE,1,FALSE,FALSE,2,TRUE,"A*~D + C",FALSE,1,TRUE,TRUE,TRUE,TRUE,FALSE,2,0,FALSE,FALSE,64.2
0.05,"MNAR_alto",91,48,12,FALSE,1,FALSE,1,TRUE,FALSE,2,FALSE,"C",FALSE,0,TRUE,TRUE,TRUE,TRUE,FALSE,4,0,FALSE,FALSE,63.7
0.05,"MNAR_alto",92,42,23,TRUE,0,TRUE,0,TRUE,TRUE,0,TRUE,"A*B + C",FALSE,0,TRUE,TRUE,TRUE,TRUE,TRUE,1,0,FALSE,FALSE,56.7
0.05,"MNAR_alto",93,46,16,FALSE,1,FALSE,1,TRUE,FALSE,1,TRUE,"C",FALSE,0,TRUE,TRUE,TRUE,TRUE,FALSE,2,0,FALSE,FALSE,60.4
0.05,"MNAR_alto",94,51,10,FALSE,1,FALSE,1,TRUE,FALSE,1,TRUE,"B + C",FALSE,1,TRUE,TRUE,TRUE,TRUE,FALSE,1,0,FALSE,FALSE,57.2
0.05,"MNAR_alto",95,50,12,FALSE,1,FALSE,1,TRUE,FALSE,1,TRUE,"A*B + C",FALSE,0,TRUE,TRUE,TRUE,TRUE,FALSE,2,0,FALSE,FALSE,31.8
0.05,"MNAR_alto",96,54,8,FALSE,1,FALSE,1,TRUE,FALSE,1,TRUE,"A*B + A*D + C",FALSE,1,TRUE,TRUE,TRUE,TRUE,TRUE,1,0,FALSE,FALSE,34.3
0.05,"MNAR_alto",97,47,14,TRUE,0,TRUE,0,TRUE,FALSE,1,FALSE,"A*B + C",FALSE,0,TRUE,TRUE,TRUE,TRUE,FALSE,2,0,FALSE,FALSE,31.1
0.05,"MNAR_alto",98,50,11,FALSE,1,FALSE,1,TRUE,FALSE,1,FALSE,"C",FALSE,0,TRUE,TRUE,TRUE,TRUE,FALSE,3,0,FALSE,FALSE,48.4
0.05,"MNAR_alto",99,50,11,FALSE,1,FALSE,2,FALSE,FALSE,1,TRUE,"A*B + C",FALSE,0,TRUE,TRUE,TRUE,TRUE,FALSE,2,0,FALSE,FALSE,25
0.05,"MNAR_alto",100,51,10,TRUE,0,TRUE,0,TRUE,FALSE,1,FALSE,"A*B + C",FALSE,0,TRUE,TRUE,TRUE,TRUE,FALSE,3,0,FALSE,FALSE,25.8
0.1,"MNAR_alto",1,38,26,FALSE,2,TRUE,0,FALSE,FALSE,2,FALSE,"C",FALSE,0,TRUE,TRUE,TRUE,TRUE,FALSE,7,0,FALSE,FALSE,103.5
0.1,"MNAR_alto",2,33,34,TRUE,0,TRUE,0,TRUE,FALSE,2,FALSE,"A*B",FALSE,0,TRUE,TRUE,TRUE,FALSE,NA,12,0,TRUE,FALSE,218.1
0.1,"MNAR_alto",3,38,26,FALSE,2,FALSE,2,TRUE,FALSE,2,TRUE,"C",FALSE,0,TRUE,TRUE,TRUE,TRUE,FALSE,4,0,FALSE,FALSE,50.6
0.1,"MNAR_alto",4,41,25,TRUE,0,TRUE,0,TRUE,TRUE,0,TRUE,"A*B + C",FALSE,0,TRUE,TRUE,TRUE,TRUE,FALSE,1,0,FALSE,FALSE,34.4
0.1,"MNAR_alto",5,35,32,TRUE,0,FALSE,0,FALSE,FALSE,1,FALSE,NA,TRUE,0,TRUE,TRUE,FALSE,TRUE,FALSE,5,0,FALSE,FALSE,38.3
0.1,"MNAR_alto",6,39,25,FALSE,1,TRUE,0,FALSE,FALSE,1,TRUE,"C",FALSE,0,TRUE,TRUE,TRUE,TRUE,FALSE,5,0,FALSE,FALSE,91.2
0.1,"MNAR_alto",7,37,25,TRUE,0,TRUE,0,TRUE,FALSE,1,FALSE,"A*B + C",FALSE,0,TRUE,TRUE,TRUE,TRUE,FALSE,2,0,FALSE,FALSE,29.5
0.1,"MNAR_alto",8,40,25,FALSE,1,FALSE,1,TRUE,FALSE,1,TRUE,"C",FALSE,0,TRUE,TRUE,TRUE,TRUE,FALSE,2,0,FALSE,FALSE,25.7
0.1,"MNAR_alto",9,40,27,FALSE,1,FALSE,1,TRUE,FALSE,1,TRUE,"C",FALSE,0,TRUE,TRUE,TRUE,TRUE,FALSE,3,0,FALSE,FALSE,46.9
0.1,"MNAR_alto",10,36,30,FALSE,1,FALSE,1,TRUE,FALSE,1,FALSE,"C",FALSE,0,TRUE,TRUE,TRUE,TRUE,FALSE,3,0,FALSE,FALSE,24.8
0.1,"MNAR_alto",11,42,23,TRUE,0,TRUE,0,TRUE,FALSE,1,FALSE,"A*B + C",FALSE,0,TRUE,TRUE,TRUE,TRUE,FALSE,2,0,FALSE,FALSE,45.5
0.1,"MNAR_alto",12,37,32,FALSE,2,FALSE,1,FALSE,FALSE,2,FALSE,"C",FALSE,0,TRUE,TRUE,TRUE,TRUE,FALSE,6,0,FALSE,FALSE,69.8
0.1,"MNAR_alto",13,40,23,TRUE,0,TRUE,0,TRUE,FALSE,2,FALSE,"C",FALSE,0,TRUE,TRUE,TRUE,TRUE,FALSE,6,0,FALSE,FALSE,28.9
0.1,"MNAR_alto",14,34,30,TRUE,0,TRUE,0,TRUE,FALSE,1,FALSE,"C",FALSE,0,TRUE,TRUE,TRUE,TRUE,FALSE,4,0,FALSE,FALSE,49.4
0.1,"MNAR_alto",15,37,30,FALSE,1,TRUE,0,FALSE,FALSE,1,TRUE,"A*B + C",FALSE,0,TRUE,TRUE,TRUE,TRUE,FALSE,3,0,FALSE,FALSE,66.6
0.1,"MNAR_alto",16,35,28,FALSE,2,TRUE,0,FALSE,FALSE,2,TRUE,"A*B + C",FALSE,0,TRUE,TRUE,TRUE,TRUE,FALSE,5,0,FALSE,FALSE,75
0.1,"MNAR_alto",17,38,26,FALSE,1,TRUE,0,FALSE,FALSE,1,TRUE,"C",FALSE,0,TRUE,TRUE,TRUE,TRUE,FALSE,5,0,FALSE,FALSE,71.1
0.1,"MNAR_alto",18,36,28,TRUE,0,TRUE,0,TRUE,FALSE,1,FALSE,"A*B",FALSE,0,TRUE,TRUE,TRUE,TRUE,FALSE,3,0,FALSE,FALSE,37.2
0.1,"MNAR_alto",19,34,33,TRUE,0,TRUE,0,TRUE,TRUE,0,TRUE,"A*B + C",FALSE,0,TRUE,TRUE,TRUE,TRUE,FALSE,2,0,FALSE,FALSE,40.3
0.1,"MNAR_alto",20,39,29,TRUE,0,TRUE,0,TRUE,TRUE,0,TRUE,"A*B + C",FALSE,0,TRUE,TRUE,TRUE,TRUE,FALSE,3,0,FALSE,FALSE,35
0.1,"MNAR_alto",21,39,24,FALSE,2,TRUE,0,FALSE,FALSE,2,TRUE,NA,TRUE,0,TRUE,TRUE,TRUE,TRUE,FALSE,13,0,FALSE,FALSE,70.2
0.1,"MNAR_alto",22,40,27,FALSE,1,FALSE,1,TRUE,FALSE,2,FALSE,"A*B + C",FALSE,0,TRUE,TRUE,TRUE,TRUE,FALSE,5,0,FALSE,FALSE,66.8
0.1,"MNAR_alto",23,39,25,TRUE,0,TRUE,0,TRUE,TRUE,0,TRUE,"A*B + C",FALSE,0,TRUE,TRUE,TRUE,TRUE,FALSE,2,0,FALSE,FALSE,61
0.1,"MNAR_alto",24,38,26,TRUE,0,TRUE,0,TRUE,TRUE,0,TRUE,"A*B + C",FALSE,0,TRUE,TRUE,TRUE,TRUE,FALSE,5,0,FALSE,FALSE,53.4
0.1,"MNAR_alto",25,39,25,TRUE,0,TRUE,0,TRUE,FALSE,1,FALSE,"A*B + C",FALSE,0,TRUE,TRUE,TRUE,TRUE,FALSE,3,0,FALSE,FALSE,76.1
0.1,"MNAR_alto",26,34,33,FALSE,1,FALSE,1,TRUE,FALSE,2,FALSE,"C",FALSE,0,TRUE,TRUE,TRUE,TRUE,FALSE,6,0,FALSE,FALSE,94
0.1,"MNAR_alto",27,31,37,FALSE,1,TRUE,0,FALSE,FALSE,1,FALSE,"C",FALSE,0,TRUE,TRUE,TRUE,TRUE,FALSE,4,0,FALSE,FALSE,74.1
0.1,"MNAR_alto",28,29,35,FALSE,1,FALSE,1,TRUE,FALSE,2,FALSE,NA,TRUE,0,TRUE,TRUE,TRUE,FALSE,NA,17,0,TRUE,FALSE,350.2
0.1,"MNAR_alto",29,40,26,FALSE,1,FALSE,1,FALSE,FALSE,1,TRUE,"C",FALSE,0,TRUE,TRUE,TRUE,TRUE,FALSE,4,0,FALSE,FALSE,48.8
0.1,"MNAR_alto",30,43,20,TRUE,0,TRUE,0,TRUE,FALSE,1,FALSE,"A*B + C",FALSE,0,TRUE,TRUE,TRUE,TRUE,FALSE,4,0,FALSE,FALSE,50.1
0.1,"MNAR_alto",31,38,32,FALSE,1,TRUE,0,FALSE,TRUE,0,FALSE,"C",FALSE,0,TRUE,TRUE,TRUE,TRUE,FALSE,4,0,FALSE,FALSE,92.7
0.1,"MNAR_alto",32,33,33,FALSE,1,FALSE,1,TRUE,FALSE,2,FALSE,"A*B + A*D + C",FALSE,1,TRUE,TRUE,TRUE,TRUE,FALSE,2,0,FALSE,FALSE,77.7
0.1,"MNAR_alto",33,40,24,FALSE,1,FALSE,1,TRUE,FALSE,2,FALSE,"A*B + C",FALSE,0,TRUE,TRUE,TRUE,TRUE,FALSE,4,0,FALSE,FALSE,69.3
0.1,"MNAR_alto",34,37,25,FALSE,1,TRUE,0,FALSE,FALSE,1,TRUE,"A*B + C",FALSE,0,TRUE,TRUE,TRUE,TRUE,FALSE,2,0,FALSE,FALSE,68.1
0.1,"MNAR_alto",35,37,27,FALSE,2,FALSE,1,FALSE,FALSE,2,FALSE,"C",FALSE,0,TRUE,TRUE,TRUE,TRUE,FALSE,6,0,FALSE,FALSE,86.6
0.1,"MNAR_alto",36,34,32,FALSE,1,FALSE,1,TRUE,FALSE,1,TRUE,"A*B + C",FALSE,0,TRUE,TRUE,TRUE,TRUE,FALSE,2,0,FALSE,FALSE,64.8
0.1,"MNAR_alto",37,36,34,FALSE,1,FALSE,1,TRUE,FALSE,2,FALSE,"C",FALSE,0,TRUE,TRUE,TRUE,TRUE,FALSE,5,0,FALSE,FALSE,67.6
0.1,"MNAR_alto",38,39,26,TRUE,0,TRUE,0,TRUE,TRUE,0,TRUE,"A*B + C",FALSE,0,TRUE,TRUE,TRUE,TRUE,FALSE,2,0,FALSE,FALSE,58.3
0.1,"MNAR_alto",39,40,24,FALSE,1,FALSE,1,TRUE,FALSE,1,TRUE,"C",FALSE,0,TRUE,TRUE,TRUE,TRUE,FALSE,2,0,FALSE,FALSE,59.8
0.1,"MNAR_alto",40,43,22,FALSE,1,TRUE,0,FALSE,FALSE,1,TRUE,"A*B",FALSE,0,TRUE,TRUE,TRUE,TRUE,FALSE,3,0,FALSE,FALSE,63.6
0.1,"MNAR_alto",41,31,36,FALSE,1,TRUE,0,FALSE,FALSE,1,FALSE,"C",FALSE,0,TRUE,TRUE,TRUE,FALSE,NA,11,0,FALSE,FALSE,58
0.1,"MNAR_alto",42,35,33,FALSE,1,TRUE,0,FALSE,FALSE,1,FALSE,"C",FALSE,0,TRUE,TRUE,TRUE,TRUE,FALSE,7,0,FALSE,FALSE,145.8
0.1,"MNAR_alto",43,31,37,FALSE,1,TRUE,0,FALSE,FALSE,1,TRUE,"C",FALSE,0,TRUE,TRUE,TRUE,TRUE,FALSE,6,0,FALSE,FALSE,92.4
0.1,"MNAR_alto",44,39,23,FALSE,1,TRUE,0,FALSE,FALSE,1,TRUE,"A*B + C",FALSE,0,TRUE,TRUE,TRUE,TRUE,FALSE,2,0,FALSE,FALSE,76.8
0.1,"MNAR_alto",45,34,31,FALSE,2,FALSE,1,FALSE,FALSE,2,TRUE,NA,TRUE,0,TRUE,TRUE,FALSE,TRUE,FALSE,6,0,FALSE,FALSE,85.4
0.1,"MNAR_alto",46,35,31,FALSE,2,FALSE,1,FALSE,FALSE,2,FALSE,"C",FALSE,0,TRUE,TRUE,TRUE,TRUE,FALSE,5,0,FALSE,FALSE,71.8
0.1,"MNAR_alto",47,38,25,TRUE,0,TRUE,0,TRUE,TRUE,0,TRUE,"A*B + C",FALSE,0,TRUE,TRUE,TRUE,TRUE,FALSE,2,0,FALSE,FALSE,57.2
0.1,"MNAR_alto",48,38,27,FALSE,2,TRUE,0,FALSE,FALSE,2,FALSE,"C",FALSE,0,TRUE,TRUE,TRUE,TRUE,FALSE,8,0,FALSE,FALSE,106.2
0.1,"MNAR_alto",49,44,21,FALSE,1,FALSE,1,TRUE,FALSE,1,FALSE,"A*B + C",FALSE,0,TRUE,TRUE,TRUE,TRUE,FALSE,2,0,FALSE,FALSE,63.3
0.1,"MNAR_alto",50,37,29,FALSE,1,TRUE,0,FALSE,FALSE,1,TRUE,"C",FALSE,0,TRUE,TRUE,TRUE,TRUE,FALSE,4,0,FALSE,FALSE,64.9
0.1,"MNAR_alto",51,43,21,FALSE,2,FALSE,1,FALSE,FALSE,2,TRUE,"C",FALSE,0,TRUE,TRUE,TRUE,TRUE,FALSE,3,0,FALSE,FALSE,64.8
0.1,"MNAR_alto",52,37,38,FALSE,1,TRUE,0,FALSE,FALSE,1,FALSE,"C",FALSE,0,TRUE,TRUE,TRUE,TRUE,FALSE,6,0,FALSE,FALSE,70.9
0.1,"MNAR_alto",53,41,22,FALSE,1,TRUE,0,FALSE,FALSE,1,TRUE,"C",FALSE,0,TRUE,TRUE,TRUE,TRUE,FALSE,4,0,FALSE,FALSE,79.2
0.1,"MNAR_alto",54,33,34,FALSE,1,FALSE,1,TRUE,FALSE,2,FALSE,"C",FALSE,0,TRUE,TRUE,TRUE,TRUE,FALSE,5,0,FALSE,FALSE,128.4
0.1,"MNAR_alto",55,39,31,FALSE,2,TRUE,0,FALSE,FALSE,2,TRUE,"A*B",FALSE,0,TRUE,TRUE,TRUE,TRUE,FALSE,6,0,FALSE,FALSE,81.6
0.1,"MNAR_alto",56,37,28,TRUE,0,TRUE,0,TRUE,FALSE,1,FALSE,NA,TRUE,0,TRUE,TRUE,TRUE,TRUE,FALSE,10,0,FALSE,FALSE,156.4
0.1,"MNAR_alto",57,32,31,FALSE,1,FALSE,1,FALSE,FALSE,1,TRUE,"C",FALSE,0,TRUE,TRUE,TRUE,TRUE,FALSE,3,0,FALSE,FALSE,62.3
0.1,"MNAR_alto",58,42,22,FALSE,2,FALSE,2,TRUE,FALSE,3,FALSE,"A*~D + B + C",FALSE,2,TRUE,TRUE,TRUE,TRUE,FALSE,2,0,FALSE,FALSE,65.5
0.1,"MNAR_alto",59,38,25,FALSE,2,FALSE,2,TRUE,FALSE,2,TRUE,"A*B + C",FALSE,0,TRUE,TRUE,TRUE,TRUE,FALSE,5,0,FALSE,FALSE,104.9
0.1,"MNAR_alto",60,36,25,FALSE,1,TRUE,0,FALSE,FALSE,1,TRUE,"A*B",FALSE,0,TRUE,TRUE,TRUE,TRUE,FALSE,4,0,FALSE,FALSE,74.7
0.1,"MNAR_alto",61,38,28,FALSE,1,TRUE,0,FALSE,FALSE,1,FALSE,"A*B + C",FALSE,0,TRUE,TRUE,TRUE,TRUE,FALSE,5,0,FALSE,FALSE,81.3
0.1,"MNAR_alto",62,39,27,TRUE,0,TRUE,0,TRUE,FALSE,1,FALSE,"A*B + C",FALSE,0,TRUE,TRUE,TRUE,TRUE,FALSE,3,0,FALSE,FALSE,60.4
0.1,"MNAR_alto",63,37,30,TRUE,0,TRUE,0,TRUE,TRUE,0,TRUE,"A*B + C",FALSE,0,TRUE,TRUE,TRUE,TRUE,FALSE,3,0,FALSE,FALSE,64.8
0.1,"MNAR_alto",64,37,34,FALSE,1,FALSE,1,FALSE,FALSE,1,TRUE,"C",FALSE,0,TRUE,TRUE,TRUE,TRUE,FALSE,4,0,FALSE,FALSE,71.2
0.1,"MNAR_alto",65,35,28,FALSE,1,FALSE,1,FALSE,FALSE,1,TRUE,"C",FALSE,0,TRUE,TRUE,TRUE,TRUE,FALSE,2,0,FALSE,FALSE,62.6
0.1,"MNAR_alto",66,42,20,FALSE,1,TRUE,0,FALSE,FALSE,1,FALSE,"C",FALSE,0,TRUE,TRUE,TRUE,TRUE,FALSE,3,0,FALSE,FALSE,19.8
0.1,"MNAR_alto",67,43,20,TRUE,0,FALSE,0,FALSE,FALSE,1,FALSE,"C",FALSE,0,TRUE,TRUE,TRUE,TRUE,FALSE,4,0,FALSE,FALSE,32.8
0.1,"MNAR_alto",68,39,26,FALSE,1,TRUE,0,FALSE,FALSE,1,TRUE,"A*B + C",FALSE,0,TRUE,TRUE,TRUE,TRUE,FALSE,2,0,FALSE,FALSE,36.6
0.1,"MNAR_alto",69,31,39,FALSE,2,FALSE,1,FALSE,FALSE,2,TRUE,"B*~D + C",FALSE,1,TRUE,TRUE,TRUE,TRUE,FALSE,6,0,FALSE,FALSE,32.8
0.1,"MNAR_alto",70,47,14,FALSE,2,FALSE,1,FALSE,FALSE,2,TRUE,"C",FALSE,0,TRUE,TRUE,FALSE,TRUE,FALSE,5,0,FALSE,FALSE,22.9
0.1,"MNAR_alto",71,35,35,FALSE,1,FALSE,1,FALSE,FALSE,1,TRUE,"C",FALSE,0,TRUE,TRUE,TRUE,TRUE,FALSE,5,0,FALSE,FALSE,24.2
0.1,"MNAR_alto",72,30,35,TRUE,0,TRUE,0,TRUE,TRUE,0,TRUE,"C",FALSE,0,TRUE,TRUE,TRUE,TRUE,FALSE,3,0,FALSE,FALSE,28.8
0.1,"MNAR_alto",73,37,30,TRUE,0,TRUE,0,TRUE,FALSE,1,FALSE,"A*B + C",FALSE,0,TRUE,TRUE,TRUE,TRUE,FALSE,2,0,FALSE,FALSE,18.2
0.1,"MNAR_alto",74,30,36,TRUE,0,TRUE,0,TRUE,FALSE,1,FALSE,"C",FALSE,0,TRUE,TRUE,TRUE,TRUE,FALSE,3,0,FALSE,FALSE,116.6
0.1,"MNAR_alto",75,44,22,FALSE,2,FALSE,2,TRUE,FALSE,2,TRUE,"B + C",FALSE,1,TRUE,TRUE,TRUE,TRUE,FALSE,2,0,FALSE,FALSE,22.2
0.1,"MNAR_alto",76,31,33,FALSE,1,TRUE,0,FALSE,FALSE,1,FALSE,"C",FALSE,0,TRUE,TRUE,TRUE,TRUE,FALSE,9,0,FALSE,FALSE,105.2
0.1,"MNAR_alto",77,39,24,FALSE,2,TRUE,0,FALSE,FALSE,2,TRUE,"A*B + C",FALSE,0,TRUE,TRUE,TRUE,TRUE,FALSE,4,0,FALSE,FALSE,39
0.1,"MNAR_alto",78,39,27,FALSE,1,TRUE,0,FALSE,FALSE,1,TRUE,"A*B",FALSE,0,TRUE,TRUE,TRUE,TRUE,FALSE,3,0,FALSE,FALSE,20.5
0.1,"MNAR_alto",79,42,20,FALSE,1,FALSE,1,FALSE,FALSE,1,TRUE,"C",FALSE,0,TRUE,TRUE,TRUE,TRUE,FALSE,4,0,FALSE,FALSE,34.6
0.1,"MNAR_alto",80,43,21,FALSE,1,TRUE,0,FALSE,FALSE,1,FALSE,"C",FALSE,0,TRUE,TRUE,TRUE,TRUE,FALSE,8,0,FALSE,FALSE,30.8
0.1,"MNAR_alto",81,37,35,TRUE,0,TRUE,0,TRUE,FALSE,1,FALSE,"C",FALSE,0,TRUE,TRUE,TRUE,TRUE,FALSE,5,0,FALSE,FALSE,29.9
0.1,"MNAR_alto",82,30,38,FALSE,2,TRUE,0,FALSE,FALSE,2,FALSE,"C",FALSE,0,TRUE,TRUE,TRUE,TRUE,FALSE,12,0,FALSE,FALSE,130.1
0.1,"MNAR_alto",83,35,35,FALSE,1,TRUE,0,FALSE,FALSE,1,TRUE,"C",FALSE,0,TRUE,TRUE,TRUE,TRUE,FALSE,6,0,FALSE,FALSE,25.3
0.1,"MNAR_alto",84,41,21,TRUE,0,TRUE,0,TRUE,FALSE,1,FALSE,"C",FALSE,0,TRUE,TRUE,TRUE,TRUE,FALSE,5,0,FALSE,FALSE,25.5
0.1,"MNAR_alto",85,42,26,TRUE,0,TRUE,0,TRUE,FALSE,1,FALSE,"A*B + C",FALSE,0,TRUE,TRUE,TRUE,TRUE,FALSE,2,0,FALSE,FALSE,19.9
0.1,"MNAR_alto",86,32,32,FALSE,2,FALSE,1,FALSE,FALSE,2,TRUE,"C",FALSE,0,TRUE,TRUE,TRUE,TRUE,FALSE,5,0,FALSE,FALSE,24
0.1,"MNAR_alto",87,38,27,FALSE,1,TRUE,0,FALSE,FALSE,1,TRUE,"C",FALSE,0,TRUE,TRUE,TRUE,TRUE,FALSE,4,0,FALSE,FALSE,21.4
0.1,"MNAR_alto",88,30,39,FALSE,2,FALSE,1,FALSE,FALSE,3,FALSE,"C",FALSE,0,TRUE,TRUE,FALSE,FALSE,NA,17,0,FALSE,FALSE,20.9
0.1,"MNAR_alto",89,38,29,FALSE,1,TRUE,0,FALSE,FALSE,2,FALSE,"C",FALSE,0,TRUE,TRUE,TRUE,TRUE,FALSE,5,0,FALSE,FALSE,60.6
0.1,"MNAR_alto",90,41,21,FALSE,1,FALSE,1,TRUE,FALSE,1,TRUE,"A*~D + C",FALSE,1,TRUE,TRUE,TRUE,TRUE,FALSE,2,0,FALSE,FALSE,18.9
0.1,"MNAR_alto",91,40,24,TRUE,0,TRUE,0,TRUE,FALSE,1,FALSE,"A*B + C",FALSE,0,TRUE,TRUE,TRUE,TRUE,FALSE,2,0,FALSE,FALSE,18.3
0.1,"MNAR_alto",92,38,27,TRUE,0,TRUE,0,TRUE,TRUE,0,TRUE,"C",FALSE,0,TRUE,TRUE,TRUE,TRUE,FALSE,2,0,FALSE,FALSE,17.2
0.1,"MNAR_alto",93,39,28,TRUE,0,TRUE,0,TRUE,FALSE,1,FALSE,"A*B + C",FALSE,0,TRUE,TRUE,TRUE,TRUE,FALSE,6,0,FALSE,FALSE,27.8
0.1,"MNAR_alto",94,36,29,FALSE,1,TRUE,0,FALSE,FALSE,1,TRUE,"C",FALSE,0,TRUE,TRUE,TRUE,TRUE,FALSE,5,0,FALSE,FALSE,52.6
0.1,"MNAR_alto",95,45,18,TRUE,0,TRUE,0,TRUE,TRUE,0,TRUE,"A*B + C",FALSE,0,TRUE,TRUE,TRUE,TRUE,FALSE,2,0,FALSE,FALSE,49.7
0.1,"MNAR_alto",96,33,30,TRUE,0,TRUE,0,TRUE,FALSE,1,FALSE,"A*B + C",FALSE,0,TRUE,TRUE,TRUE,TRUE,FALSE,2,0,FALSE,FALSE,50.2
0.1,"MNAR_alto",97,35,28,FALSE,2,FALSE,1,FALSE,FALSE,2,FALSE,"C",FALSE,0,TRUE,TRUE,TRUE,TRUE,FALSE,5,0,FALSE,FALSE,55.8
0.1,"MNAR_alto",98,29,40,FALSE,1,TRUE,0,FALSE,FALSE,1,TRUE,NA,TRUE,0,TRUE,TRUE,TRUE,TRUE,FALSE,7,0,FALSE,FALSE,132.1
0.1,"MNAR_alto",99,26,46,FALSE,0,TRUE,0,FALSE,FALSE,2,FALSE,NA,TRUE,0,TRUE,TRUE,TRUE,FALSE,NA,20,0,FALSE,FALSE,172.9
0.1,"MNAR_alto",100,42,22,TRUE,0,TRUE,0,TRUE,TRUE,0,TRUE,"A*B + C",FALSE,0,TRUE,TRUE,TRUE,TRUE,FALSE,2,0,FALSE,FALSE,47.5
0.2,"MNAR_alto",1,21,59,FALSE,2,TRUE,0,FALSE,FALSE,2,FALSE,NA,TRUE,0,TRUE,TRUE,TRUE,FALSE,NA,18,0,FALSE,FALSE,49.1
0.2,"MNAR_alto",2,30,56,TRUE,0,TRUE,0,TRUE,FALSE,1,FALSE,"A*B",FALSE,0,TRUE,TRUE,TRUE,TRUE,FALSE,6,0,FALSE,FALSE,41.1
0.2,"MNAR_alto",3,25,59,TRUE,0,TRUE,0,TRUE,FALSE,2,FALSE,NA,TRUE,0,TRUE,TRUE,TRUE,FALSE,NA,10,0,FALSE,FALSE,44.6
0.2,"MNAR_alto",4,29,51,FALSE,1,TRUE,0,FALSE,FALSE,1,TRUE,NA,TRUE,0,TRUE,TRUE,TRUE,FALSE,NA,8,0,TRUE,FALSE,189.6
0.2,"MNAR_alto",5,12,74,FALSE,2,FALSE,0,FALSE,FALSE,3,FALSE,NA,TRUE,0,TRUE,TRUE,FALSE,FALSE,NA,15,0,FALSE,FALSE,48.4
0.2,"MNAR_alto",6,24,55,FALSE,2,TRUE,0,FALSE,FALSE,2,FALSE,NA,TRUE,0,TRUE,TRUE,TRUE,TRUE,FALSE,11,0,FALSE,FALSE,123.1
0.2,"MNAR_alto",7,29,42,TRUE,0,TRUE,0,TRUE,FALSE,2,FALSE,"C",FALSE,0,TRUE,TRUE,TRUE,FALSE,NA,11,0,FALSE,FALSE,176.9
0.2,"MNAR_alto",8,26,50,FALSE,1,TRUE,0,FALSE,FALSE,2,FALSE,"C",FALSE,0,TRUE,TRUE,TRUE,TRUE,FALSE,8,0,FALSE,FALSE,80.8
0.2,"MNAR_alto",9,18,67,FALSE,1,FALSE,0,FALSE,FALSE,2,FALSE,NA,TRUE,0,TRUE,TRUE,FALSE,FALSE,NA,15,0,FALSE,FALSE,59.3
0.2,"MNAR_alto",10,24,58,TRUE,0,TRUE,0,TRUE,TRUE,0,TRUE,NA,TRUE,0,TRUE,TRUE,TRUE,FALSE,NA,17,0,FALSE,FALSE,55
0.2,"MNAR_alto",11,22,56,FALSE,2,FALSE,0,FALSE,FALSE,2,FALSE,"C",FALSE,0,TRUE,TRUE,FALSE,FALSE,NA,13,0,FALSE,FALSE,58.9
0.2,"MNAR_alto",12,28,44,TRUE,0,TRUE,0,TRUE,FALSE,1,FALSE,NA,TRUE,0,TRUE,TRUE,TRUE,TRUE,FALSE,8,0,FALSE,FALSE,92.3
0.2,"MNAR_alto",13,24,58,TRUE,0,FALSE,0,FALSE,FALSE,1,FALSE,NA,TRUE,0,TRUE,TRUE,TRUE,FALSE,NA,15,0,FALSE,FALSE,56.1
0.2,"MNAR_alto",14,23,57,TRUE,0,FALSE,0,FALSE,FALSE,1,FALSE,"C",FALSE,0,TRUE,TRUE,FALSE,FALSE,NA,6,0,FALSE,FALSE,57
0.2,"MNAR_alto",15,24,59,FALSE,2,TRUE,0,FALSE,FALSE,3,FALSE,"C",FALSE,0,TRUE,FALSE,TRUE,FALSE,NA,13,0,FALSE,FALSE,64.7
0.2,"MNAR_alto",16,25,60,FALSE,1,TRUE,0,FALSE,FALSE,3,FALSE,NA,TRUE,0,TRUE,TRUE,TRUE,FALSE,NA,18,0,TRUE,FALSE,336.3
0.2,"MNAR_alto",17,30,46,FALSE,1,FALSE,1,FALSE,FALSE,1,TRUE,"A*B",FALSE,0,TRUE,TRUE,TRUE,TRUE,FALSE,5,0,FALSE,FALSE,64.4
0.2,"MNAR_alto",18,21,59,TRUE,0,TRUE,0,TRUE,FALSE,1,FALSE,NA,TRUE,0,TRUE,TRUE,TRUE,FALSE,NA,12,0,FALSE,FALSE,16.7
0.2,"MNAR_alto",19,25,54,TRUE,0,TRUE,0,TRUE,TRUE,0,TRUE,NA,TRUE,0,TRUE,TRUE,TRUE,FALSE,NA,15,0,FALSE,FALSE,18.1
0.2,"MNAR_alto",20,20,58,FALSE,1,TRUE,0,FALSE,FALSE,2,FALSE,NA,TRUE,0,TRUE,TRUE,TRUE,FALSE,NA,20,0,FALSE,FALSE,46.7
0.2,"MNAR_alto",21,26,60,TRUE,0,TRUE,0,TRUE,FALSE,1,FALSE,"A*B",FALSE,0,TRUE,TRUE,TRUE,FALSE,NA,8,0,FALSE,FALSE,18.9
0.2,"MNAR_alto",22,22,59,FALSE,1,FALSE,0,FALSE,FALSE,1,TRUE,"C",FALSE,0,TRUE,TRUE,FALSE,FALSE,NA,5,0,FALSE,FALSE,23.2
0.2,"MNAR_alto",23,21,61,FALSE,1,FALSE,1,FALSE,FALSE,3,FALSE,NA,TRUE,0,TRUE,TRUE,FALSE,FALSE,NA,13,0,FALSE,FALSE,49.2
0.2,"MNAR_alto",24,25,48,FALSE,2,FALSE,2,TRUE,FALSE,2,TRUE,NA,TRUE,0,TRUE,TRUE,TRUE,FALSE,NA,9,0,FALSE,FALSE,49.9
0.2,"MNAR_alto",25,18,60,TRUE,0,TRUE,0,TRUE,FALSE,1,FALSE,NA,TRUE,0,TRUE,TRUE,TRUE,FALSE,NA,20,0,FALSE,FALSE,24.3
0.2,"MNAR_alto",26,23,50,FALSE,1,FALSE,1,FALSE,FALSE,2,FALSE,NA,TRUE,0,TRUE,TRUE,TRUE,FALSE,NA,10,0,FALSE,FALSE,18.9
0.2,"MNAR_alto",27,22,55,FALSE,1,FALSE,1,FALSE,FALSE,1,TRUE,NA,TRUE,0,TRUE,TRUE,TRUE,FALSE,NA,7,0,FALSE,FALSE,27.5
0.2,"MNAR_alto",28,20,65,FALSE,1,TRUE,0,FALSE,FALSE,2,FALSE,NA,TRUE,0,TRUE,TRUE,TRUE,FALSE,NA,14,0,FALSE,FALSE,24.7
0.2,"MNAR_alto",29,24,61,TRUE,0,TRUE,0,TRUE,FALSE,2,FALSE,"C",FALSE,0,TRUE,TRUE,TRUE,TRUE,FALSE,11,0,FALSE,FALSE,135.2
0.2,"MNAR_alto",30,25,57,FALSE,1,TRUE,0,FALSE,FALSE,3,FALSE,NA,TRUE,0,TRUE,TRUE,TRUE,FALSE,NA,12,0,TRUE,FALSE,85
0.2,"MNAR_alto",31,27,51,FALSE,1,TRUE,0,FALSE,FALSE,2,FALSE,"C",FALSE,0,TRUE,TRUE,TRUE,TRUE,FALSE,6,0,FALSE,FALSE,34.4
0.2,"MNAR_alto",32,23,60,FALSE,2,TRUE,0,FALSE,FALSE,2,TRUE,"C",FALSE,0,TRUE,TRUE,TRUE,FALSE,NA,12,0,FALSE,FALSE,19.3
0.2,"MNAR_alto",33,29,47,FALSE,1,FALSE,0,FALSE,FALSE,2,FALSE,NA,TRUE,0,TRUE,TRUE,FALSE,FALSE,NA,12,0,TRUE,FALSE,424.9
0.2,"MNAR_alto",34,24,47,FALSE,1,TRUE,0,FALSE,FALSE,1,TRUE,"C",FALSE,0,TRUE,TRUE,TRUE,TRUE,FALSE,6,0,FALSE,FALSE,62.4
0.2,"MNAR_alto",35,23,58,FALSE,1,FALSE,1,FALSE,FALSE,2,FALSE,NA,TRUE,0,TRUE,TRUE,TRUE,FALSE,NA,13,0,FALSE,FALSE,18.3
0.2,"MNAR_alto",36,22,60,TRUE,0,TRUE,0,TRUE,FALSE,1,FALSE,NA,TRUE,0,TRUE,TRUE,TRUE,FALSE,NA,17,0,FALSE,FALSE,17.8
0.2,"MNAR_alto",37,21,60,FALSE,1,TRUE,0,FALSE,FALSE,1,TRUE,NA,TRUE,0,TRUE,TRUE,TRUE,FALSE,NA,7,0,FALSE,FALSE,17.3
0.2,"MNAR_alto",38,23,56,FALSE,1,TRUE,0,FALSE,FALSE,1,FALSE,NA,TRUE,0,TRUE,TRUE,TRUE,FALSE,NA,5,0,FALSE,FALSE,137.8
0.2,"MNAR_alto",39,23,45,FALSE,1,TRUE,0,FALSE,FALSE,1,TRUE,NA,TRUE,0,TRUE,TRUE,TRUE,FALSE,NA,9,0,FALSE,FALSE,44.7
0.2,"MNAR_alto",40,20,59,FALSE,2,FALSE,1,FALSE,FALSE,2,FALSE,"C",FALSE,0,TRUE,TRUE,TRUE,FALSE,NA,21,0,FALSE,FALSE,21.5
0.2,"MNAR_alto",41,27,51,TRUE,0,TRUE,0,TRUE,FALSE,1,FALSE,NA,TRUE,0,TRUE,TRUE,TRUE,FALSE,NA,8,0,FALSE,FALSE,16.4
0.2,"MNAR_alto",42,29,50,FALSE,1,FALSE,0,FALSE,FALSE,2,FALSE,"C",FALSE,0,TRUE,TRUE,TRUE,TRUE,FALSE,8,0,FALSE,FALSE,36.8
0.2,"MNAR_alto",43,21,48,FALSE,1,TRUE,0,FALSE,FALSE,2,FALSE,NA,TRUE,0,TRUE,TRUE,TRUE,FALSE,NA,27,0,FALSE,FALSE,28.2
0.2,"MNAR_alto",44,19,65,FALSE,1,FALSE,1,FALSE,FALSE,2,FALSE,NA,TRUE,0,TRUE,TRUE,TRUE,FALSE,NA,16,0,FALSE,FALSE,47.4
0.2,"MNAR_alto",45,24,56,TRUE,0,TRUE,0,TRUE,FALSE,2,FALSE,NA,TRUE,0,TRUE,TRUE,TRUE,FALSE,NA,21,0,FALSE,FALSE,46.1
0.2,"MNAR_alto",46,25,51,TRUE,0,TRUE,0,FALSE,FALSE,1,FALSE,NA,TRUE,0,TRUE,TRUE,TRUE,FALSE,NA,9,0,FALSE,FALSE,48.5
0.2,"MNAR_alto",47,16,69,FALSE,1,TRUE,0,FALSE,FALSE,0,FALSE,NA,TRUE,0,TRUE,TRUE,TRUE,FALSE,NA,21,35,FALSE,FALSE,33.7
0.2,"MNAR_alto",48,21,61,TRUE,0,TRUE,0,TRUE,FALSE,3,FALSE,NA,TRUE,0,TRUE,TRUE,TRUE,FALSE,NA,22,0,FALSE,FALSE,47.6
0.2,"MNAR_alto",49,19,65,FALSE,2,FALSE,0,FALSE,FALSE,2,FALSE,NA,TRUE,0,TRUE,TRUE,TRUE,FALSE,NA,14,0,FALSE,FALSE,48.4
0.2,"MNAR_alto",50,24,55,FALSE,1,FALSE,1,FALSE,FALSE,2,FALSE,"C",FALSE,0,TRUE,TRUE,TRUE,FALSE,NA,7,0,TRUE,FALSE,201.1
0.2,"MNAR_alto",51,25,52,FALSE,1,TRUE,0,FALSE,FALSE,1,FALSE,NA,TRUE,0,TRUE,TRUE,TRUE,FALSE,NA,17,0,FALSE,FALSE,48.2
0.2,"MNAR_alto",52,28,49,FALSE,1,TRUE,0,FALSE,FALSE,2,FALSE,NA,TRUE,0,TRUE,TRUE,TRUE,TRUE,FALSE,10,0,FALSE,FALSE,164.1
0.2,"MNAR_alto",53,29,47,TRUE,0,TRUE,0,TRUE,TRUE,0,TRUE,NA,TRUE,0,TRUE,TRUE,TRUE,TRUE,FALSE,4,0,FALSE,FALSE,50.5
0.2,"MNAR_alto",54,29,50,TRUE,0,FALSE,0,FALSE,FALSE,1,FALSE,"C",FALSE,0,TRUE,TRUE,TRUE,TRUE,FALSE,5,0,FALSE,FALSE,24.2
0.2,"MNAR_alto",55,24,53,FALSE,1,TRUE,0,FALSE,FALSE,1,FALSE,"C",FALSE,0,TRUE,TRUE,TRUE,FALSE,NA,8,0,FALSE,FALSE,18.1
0.2,"MNAR_alto",56,24,60,FALSE,1,FALSE,1,FALSE,FALSE,0,FALSE,NA,TRUE,0,TRUE,TRUE,TRUE,FALSE,NA,19,0,FALSE,FALSE,22.8
0.2,"MNAR_alto",57,26,55,FALSE,1,FALSE,1,FALSE,FALSE,1,TRUE,NA,TRUE,0,TRUE,TRUE,TRUE,TRUE,FALSE,4,0,FALSE,FALSE,131.5
0.2,"MNAR_alto",58,19,70,FALSE,1,FALSE,1,TRUE,FALSE,1,FALSE,NA,TRUE,0,TRUE,TRUE,TRUE,FALSE,NA,15,0,FALSE,FALSE,19.3
0.2,"MNAR_alto",59,15,79,FALSE,1,FALSE,1,FALSE,FALSE,2,FALSE,NA,TRUE,0,TRUE,TRUE,TRUE,FALSE,NA,25,0,FALSE,FALSE,19.5
0.2,"MNAR_alto",60,22,51,FALSE,2,TRUE,0,FALSE,FALSE,3,FALSE,"C",FALSE,0,TRUE,TRUE,FALSE,FALSE,NA,20,0,FALSE,FALSE,31
0.2,"MNAR_alto",61,21,64,FALSE,1,TRUE,0,FALSE,FALSE,2,FALSE,NA,TRUE,0,TRUE,TRUE,TRUE,FALSE,NA,13,0,FALSE,FALSE,23.9
0.2,"MNAR_alto",62,31,38,FALSE,1,TRUE,0,FALSE,TRUE,0,FALSE,"A*B",FALSE,0,TRUE,TRUE,TRUE,TRUE,FALSE,3,0,FALSE,FALSE,43.9
0.2,"MNAR_alto",63,28,47,TRUE,0,TRUE,0,TRUE,TRUE,0,TRUE,"C",FALSE,0,TRUE,TRUE,TRUE,TRUE,FALSE,5,0,FALSE,FALSE,61.5
0.2,"MNAR_alto",64,18,65,FALSE,2,TRUE,0,FALSE,FALSE,3,FALSE,"C",FALSE,0,TRUE,TRUE,TRUE,FALSE,NA,23,0,FALSE,FALSE,58.5
0.2,"MNAR_alto",65,27,51,FALSE,1,TRUE,0,FALSE,FALSE,1,TRUE,NA,TRUE,0,TRUE,TRUE,TRUE,FALSE,NA,8,0,FALSE,FALSE,177.6
0.2,"MNAR_alto",66,24,53,FALSE,1,FALSE,0,FALSE,FALSE,1,TRUE,NA,TRUE,0,TRUE,TRUE,TRUE,FALSE,NA,22,0,FALSE,FALSE,57.8
0.2,"MNAR_alto",67,27,66,FALSE,1,FALSE,1,TRUE,FALSE,2,FALSE,NA,TRUE,0,TRUE,TRUE,TRUE,FALSE,NA,17,0,FALSE,FALSE,58.7
0.2,"MNAR_alto",68,21,58,FALSE,1,TRUE,0,FALSE,FALSE,2,FALSE,NA,TRUE,0,TRUE,TRUE,TRUE,FALSE,NA,13,0,FALSE,FALSE,59.3
0.2,"MNAR_alto",69,19,66,FALSE,2,FALSE,1,FALSE,FALSE,2,TRUE,NA,TRUE,0,TRUE,TRUE,TRUE,FALSE,NA,20,0,FALSE,FALSE,59.8
0.2,"MNAR_alto",70,26,50,TRUE,0,TRUE,0,TRUE,TRUE,0,TRUE,NA,TRUE,0,TRUE,TRUE,TRUE,FALSE,NA,8,0,FALSE,FALSE,56.2
0.2,"MNAR_alto",71,19,58,FALSE,1,TRUE,0,FALSE,FALSE,1,TRUE,NA,TRUE,0,TRUE,TRUE,TRUE,FALSE,NA,16,0,FALSE,FALSE,56.2
0.2,"MNAR_alto",72,33,47,FALSE,2,FALSE,2,TRUE,FALSE,2,TRUE,"C",FALSE,0,TRUE,TRUE,TRUE,TRUE,FALSE,8,0,FALSE,FALSE,155.1
0.2,"MNAR_alto",73,15,72,FALSE,2,FALSE,0,FALSE,FALSE,2,FALSE,"C",FALSE,0,TRUE,TRUE,FALSE,FALSE,NA,14,7,FALSE,FALSE,57.4
0.2,"MNAR_alto",74,23,64,TRUE,0,TRUE,0,FALSE,TRUE,0,TRUE,NA,TRUE,0,TRUE,TRUE,TRUE,FALSE,NA,19,0,FALSE,FALSE,58.8
0.2,"MNAR_alto",75,19,61,FALSE,1,FALSE,0,FALSE,FALSE,1,FALSE,NA,TRUE,0,TRUE,TRUE,FALSE,FALSE,NA,14,0,FALSE,FALSE,59.6
0.2,"MNAR_alto",76,26,53,TRUE,0,TRUE,0,TRUE,FALSE,1,FALSE,NA,TRUE,0,TRUE,TRUE,TRUE,FALSE,NA,10,0,FALSE,FALSE,21.1
0.2,"MNAR_alto",77,25,50,TRUE,0,TRUE,0,TRUE,TRUE,0,TRUE,NA,TRUE,0,TRUE,TRUE,TRUE,FALSE,NA,10,0,FALSE,FALSE,18.2
0.2,"MNAR_alto",78,21,55,FALSE,2,TRUE,0,FALSE,FALSE,2,FALSE,NA,TRUE,0,TRUE,TRUE,TRUE,FALSE,NA,11,0,FALSE,FALSE,20
0.2,"MNAR_alto",79,28,49,FALSE,1,TRUE,0,FALSE,FALSE,2,FALSE,"C",FALSE,0,TRUE,TRUE,TRUE,FALSE,NA,11,0,FALSE,FALSE,19.7
0.2,"MNAR_alto",80,27,54,TRUE,0,TRUE,0,TRUE,FALSE,1,FALSE,NA,TRUE,0,TRUE,TRUE,TRUE,FALSE,NA,12,0,TRUE,FALSE,203.9
0.2,"MNAR_alto",81,15,73,FALSE,2,TRUE,0,FALSE,FALSE,0,FALSE,NA,TRUE,0,TRUE,TRUE,TRUE,FALSE,NA,26,10,FALSE,FALSE,17.9
0.2,"MNAR_alto",82,20,62,TRUE,0,FALSE,0,FALSE,TRUE,0,TRUE,NA,TRUE,0,TRUE,TRUE,FALSE,FALSE,NA,14,0,FALSE,FALSE,37.4
0.2,"MNAR_alto",83,21,64,FALSE,2,FALSE,1,FALSE,FALSE,3,FALSE,NA,TRUE,0,TRUE,TRUE,TRUE,FALSE,NA,12,1,FALSE,FALSE,48.4
0.2,"MNAR_alto",84,21,64,TRUE,0,TRUE,0,TRUE,FALSE,1,FALSE,NA,TRUE,0,TRUE,TRUE,TRUE,FALSE,NA,25,0,FALSE,FALSE,44.5
0.2,"MNAR_alto",85,27,56,FALSE,2,FALSE,2,TRUE,FALSE,2,FALSE,NA,TRUE,0,TRUE,TRUE,TRUE,FALSE,NA,15,0,FALSE,FALSE,48.4
0.2,"MNAR_alto",86,27,44,TRUE,0,TRUE,0,TRUE,FALSE,2,FALSE,NA,TRUE,0,TRUE,TRUE,TRUE,TRUE,FALSE,10,0,FALSE,FALSE,153.7
0.2,"MNAR_alto",87,25,52,FALSE,1,TRUE,0,FALSE,FALSE,1,TRUE,"C",FALSE,0,TRUE,TRUE,TRUE,TRUE,FALSE,5,0,FALSE,FALSE,110.2
0.2,"MNAR_alto",88,23,61,FALSE,1,TRUE,0,FALSE,TRUE,0,FALSE,NA,TRUE,0,TRUE,TRUE,TRUE,FALSE,NA,14,0,FALSE,FALSE,27.6
0.2,"MNAR_alto",89,21,55,FALSE,2,FALSE,1,FALSE,FALSE,3,FALSE,"C",FALSE,0,TRUE,TRUE,TRUE,TRUE,FALSE,11,0,FALSE,FALSE,64.9
0.2,"MNAR_alto",90,27,47,FALSE,1,FALSE,0,FALSE,TRUE,0,FALSE,NA,TRUE,0,TRUE,TRUE,FALSE,FALSE,NA,14,0,FALSE,FALSE,47.7
0.2,"MNAR_alto",91,22,67,FALSE,1,TRUE,0,FALSE,FALSE,2,FALSE,NA,TRUE,0,TRUE,TRUE,TRUE,FALSE,NA,10,0,FALSE,FALSE,44.2
0.2,"MNAR_alto",92,28,54,TRUE,0,TRUE,0,TRUE,FALSE,1,FALSE,NA,TRUE,0,TRUE,TRUE,TRUE,FALSE,NA,12,0,FALSE,FALSE,43.5
0.2,"MNAR_alto",93,25,48,FALSE,1,FALSE,1,FALSE,FALSE,2,FALSE,NA,TRUE,0,TRUE,TRUE,FALSE,FALSE,NA,23,0,FALSE,FALSE,50.1
0.2,"MNAR_alto",94,21,56,FALSE,1,FALSE,0,FALSE,FALSE,1,FALSE,NA,TRUE,0,TRUE,TRUE,TRUE,FALSE,NA,13,0,FALSE,FALSE,44.9
0.2,"MNAR_alto",95,24,58,TRUE,0,TRUE,0,TRUE,FALSE,3,FALSE,NA,TRUE,0,TRUE,TRUE,TRUE,FALSE,NA,15,0,FALSE,FALSE,48.3
0.2,"MNAR_alto",96,18,69,FALSE,1,FALSE,0,FALSE,FALSE,0,FALSE,NA,TRUE,0,TRUE,TRUE,FALSE,FALSE,NA,28,0,FALSE,FALSE,48.1
0.2,"MNAR_alto",97,19,68,FALSE,1,TRUE,0,FALSE,FALSE,2,FALSE,"C",FALSE,0,TRUE,TRUE,TRUE,FALSE,NA,14,0,FALSE,FALSE,22.3
0.2,"MNAR_alto",98,16,67,FALSE,0,FALSE,1,FALSE,FALSE,0,TRUE,"C",FALSE,0,TRUE,TRUE,FALSE,FALSE,NA,20,0,FALSE,FALSE,20.2
0.2,"MNAR_alto",99,21,62,FALSE,2,TRUE,0,FALSE,FALSE,2,TRUE,"C",FALSE,0,TRUE,TRUE,TRUE,FALSE,NA,9,0,FALSE,FALSE,19.5
0.2,"MNAR_alto",100,25,58,FALSE,1,FALSE,1,TRUE,FALSE,1,TRUE,NA,TRUE,0,TRUE,TRUE,TRUE,FALSE,NA,15,0,FALSE,FALSE,38
0.05,"MNAR_bajo",1,50,12,FALSE,1,FALSE,1,TRUE,FALSE,1,TRUE,NA,TRUE,0,TRUE,TRUE,TRUE,TRUE,FALSE,4,0,FALSE,FALSE,29
0.05,"MNAR_bajo",2,52,10,FALSE,1,FALSE,1,TRUE,FALSE,1,FALSE,"C",FALSE,0,TRUE,TRUE,TRUE,TRUE,FALSE,4,0,FALSE,FALSE,18.3
0.05,"MNAR_bajo",3,58,2,FALSE,2,FALSE,2,FALSE,FALSE,2,TRUE,"B*~D + C",FALSE,1,TRUE,TRUE,TRUE,TRUE,FALSE,3,0,FALSE,FALSE,26.1
0.05,"MNAR_bajo",4,53,8,TRUE,0,FALSE,1,FALSE,TRUE,0,TRUE,"A*B + C",FALSE,0,TRUE,TRUE,TRUE,TRUE,FALSE,2,0,FALSE,FALSE,20.3
0.05,"MNAR_bajo",5,55,5,FALSE,1,FALSE,1,TRUE,FALSE,1,TRUE,"C",FALSE,0,TRUE,TRUE,TRUE,TRUE,FALSE,2,0,FALSE,FALSE,30
0.05,"MNAR_bajo",6,51,9,FALSE,1,FALSE,1,FALSE,FALSE,1,TRUE,"C",FALSE,0,TRUE,TRUE,TRUE,TRUE,FALSE,2,0,FALSE,FALSE,48.9
0.05,"MNAR_bajo",7,50,10,FALSE,1,FALSE,2,FALSE,TRUE,0,FALSE,"A*B + C",FALSE,0,TRUE,TRUE,TRUE,TRUE,FALSE,5,0,FALSE,FALSE,52.2
0.05,"MNAR_bajo",8,44,16,TRUE,0,TRUE,0,TRUE,TRUE,0,TRUE,"A*B + C",FALSE,0,TRUE,TRUE,TRUE,TRUE,FALSE,3,0,FALSE,FALSE,21.2
0.05,"MNAR_bajo",9,51,9,FALSE,1,FALSE,2,FALSE,FALSE,2,FALSE,"A*B + C",FALSE,0,TRUE,TRUE,TRUE,TRUE,FALSE,5,0,FALSE,FALSE,22.2
0.05,"MNAR_bajo",10,52,9,FALSE,2,FALSE,3,FALSE,FALSE,3,FALSE,"B + C",FALSE,1,TRUE,TRUE,TRUE,FALSE,NA,5,0,TRUE,FALSE,36.4
0.05,"MNAR_bajo",11,50,11,FALSE,1,FALSE,2,FALSE,FALSE,2,FALSE,"A*B + B*D + C",FALSE,1,TRUE,TRUE,TRUE,TRUE,FALSE,2,0,FALSE,FALSE,24.4
0.05,"MNAR_bajo",12,51,11,FALSE,1,FALSE,1,FALSE,TRUE,0,FALSE,"C",FALSE,0,TRUE,TRUE,TRUE,TRUE,FALSE,13,0,FALSE,FALSE,47.3
0.05,"MNAR_bajo",13,50,12,FALSE,1,FALSE,1,FALSE,TRUE,0,FALSE,"A*B",FALSE,0,TRUE,TRUE,TRUE,TRUE,FALSE,6,0,FALSE,FALSE,32.1
0.05,"MNAR_bajo",14,49,11,FALSE,1,FALSE,2,FALSE,FALSE,1,FALSE,"C",FALSE,0,TRUE,TRUE,TRUE,FALSE,NA,15,0,TRUE,FALSE,50.3
0.05,"MNAR_bajo",15,51,10,TRUE,0,TRUE,0,TRUE,TRUE,0,TRUE,"A*B",FALSE,0,TRUE,TRUE,TRUE,TRUE,FALSE,3,0,FALSE,FALSE,19.4
0.05,"MNAR_bajo",16,51,10,FALSE,1,FALSE,3,FALSE,FALSE,2,FALSE,"C",FALSE,0,TRUE,TRUE,TRUE,FALSE,NA,14,2,TRUE,FALSE,36.8
0.05,"MNAR_bajo",17,50,11,TRUE,0,FALSE,2,FALSE,TRUE,0,TRUE,NA,TRUE,0,TRUE,TRUE,TRUE,TRUE,FALSE,6,0,FALSE,FALSE,23
0.05,"MNAR_bajo",18,56,6,TRUE,0,TRUE,0,TRUE,FALSE,1,FALSE,"A*B + C",FALSE,0,TRUE,TRUE,TRUE,TRUE,FALSE,2,0,FALSE,FALSE,19.5
0.05,"MNAR_bajo",19,51,9,FALSE,3,FALSE,3,FALSE,FALSE,3,FALSE,"C",FALSE,0,TRUE,TRUE,TRUE,TRUE,FALSE,7,0,FALSE,FALSE,24.1
0.05,"MNAR_bajo",20,54,6,FALSE,0,FALSE,0,FALSE,FALSE,2,FALSE,"C",FALSE,0,TRUE,TRUE,TRUE,FALSE,NA,4,4,TRUE,FALSE,72.8
0.05,"MNAR_bajo",21,47,13,FALSE,1,FALSE,1,FALSE,FALSE,1,TRUE,"C",FALSE,0,TRUE,TRUE,TRUE,TRUE,FALSE,7,0,FALSE,FALSE,69.3
0.05,"MNAR_bajo",22,51,9,FALSE,2,FALSE,3,FALSE,FALSE,3,FALSE,"C",FALSE,0,TRUE,TRUE,TRUE,TRUE,FALSE,8,0,FALSE,FALSE,72.4
0.05,"MNAR_bajo",23,50,12,TRUE,0,TRUE,0,TRUE,FALSE,1,FALSE,"C",FALSE,0,TRUE,TRUE,TRUE,TRUE,FALSE,5,0,FALSE,FALSE,62.8
0.05,"MNAR_bajo",24,53,7,FALSE,2,FALSE,2,TRUE,FALSE,2,FALSE,"C",FALSE,0,TRUE,TRUE,TRUE,TRUE,FALSE,4,0,FALSE,FALSE,67.7
0.05,"MNAR_bajo",25,56,4,FALSE,1,FALSE,1,TRUE,TRUE,0,FALSE,"A*B + C",FALSE,0,TRUE,TRUE,TRUE,TRUE,FALSE,3,0,FALSE,FALSE,61
0.05,"MNAR_bajo",26,54,7,FALSE,1,FALSE,1,TRUE,FALSE,1,TRUE,"C",FALSE,0,TRUE,TRUE,TRUE,TRUE,FALSE,5,0,FALSE,FALSE,68.4
0.05,"MNAR_bajo",27,50,11,TRUE,0,TRUE,0,TRUE,TRUE,0,TRUE,"A*B + C",FALSE,0,TRUE,TRUE,TRUE,TRUE,TRUE,1,0,FALSE,FALSE,55.2
0.05,"MNAR_bajo",28,52,8,FALSE,1,FALSE,2,FALSE,FALSE,1,TRUE,"B*D + C",FALSE,1,TRUE,TRUE,FALSE,TRUE,FALSE,3,0,FALSE,FALSE,64.5
0.05,"MNAR_bajo",29,50,11,FALSE,1,FALSE,3,FALSE,FALSE,1,FALSE,"C",FALSE,0,TRUE,TRUE,TRUE,TRUE,FALSE,13,0,FALSE,FALSE,30.2
0.05,"MNAR_bajo",30,51,9,FALSE,1,FALSE,2,FALSE,FALSE,1,TRUE,"A + C",FALSE,1,TRUE,TRUE,TRUE,TRUE,FALSE,2,0,FALSE,FALSE,20.1
0.05,"MNAR_bajo",31,55,6,FALSE,2,FALSE,1,FALSE,FALSE,2,TRUE,"C",FALSE,0,TRUE,TRUE,TRUE,TRUE,FALSE,5,0,FALSE,FALSE,20.5
0.05,"MNAR_bajo",32,53,7,FALSE,2,FALSE,3,FALSE,FALSE,2,TRUE,"C",FALSE,0,TRUE,TRUE,TRUE,TRUE,FALSE,7,0,FALSE,FALSE,22.2
0.05,"MNAR_bajo",33,51,10,TRUE,0,TRUE,0,TRUE,FALSE,1,FALSE,"A*B + C",FALSE,0,TRUE,TRUE,TRUE,TRUE,FALSE,2,0,FALSE,FALSE,18.4
0.05,"MNAR_bajo",34,47,16,FALSE,2,TRUE,0,FALSE,TRUE,0,FALSE,NA,TRUE,0,TRUE,TRUE,TRUE,TRUE,FALSE,6,0,FALSE,FALSE,27.4
0.05,"MNAR_bajo",35,54,6,FALSE,1,FALSE,2,FALSE,FALSE,1,TRUE,"B + C",FALSE,1,TRUE,TRUE,TRUE,TRUE,FALSE,3,0,FALSE,FALSE,41.5
0.05,"MNAR_bajo",36,51,11,FALSE,1,FALSE,1,TRUE,FALSE,1,TRUE,"A*B + C",FALSE,0,TRUE,TRUE,TRUE,TRUE,FALSE,3,0,FALSE,FALSE,52
0.05,"MNAR_bajo",37,52,8,TRUE,0,TRUE,0,TRUE,TRUE,0,TRUE,"A*B + C",FALSE,0,TRUE,TRUE,TRUE,TRUE,TRUE,1,0,FALSE,FALSE,44.4
0.05,"MNAR_bajo",38,53,10,FALSE,3,FALSE,3,FALSE,FALSE,3,TRUE,"C",FALSE,0,TRUE,TRUE,TRUE,TRUE,FALSE,5,0,FALSE,FALSE,35
0.05,"MNAR_bajo",39,51,10,FALSE,1,FALSE,1,TRUE,FALSE,1,TRUE,"C",FALSE,0,TRUE,TRUE,TRUE,TRUE,FALSE,2,0,FALSE,FALSE,17.8
0.05,"MNAR_bajo",40,54,7,FALSE,2,FALSE,2,TRUE,FALSE,2,TRUE,"C + D",FALSE,1,TRUE,TRUE,TRUE,TRUE,FALSE,4,0,FALSE,FALSE,19.8
0.05,"MNAR_bajo",41,55,5,FALSE,1,FALSE,2,FALSE,FALSE,1,TRUE,"C",FALSE,0,TRUE,TRUE,TRUE,TRUE,FALSE,3,0,FALSE,FALSE,19.9
0.05,"MNAR_bajo",42,50,13,FALSE,1,FALSE,1,TRUE,TRUE,0,FALSE,"A*B",FALSE,0,TRUE,TRUE,TRUE,TRUE,FALSE,6,0,FALSE,FALSE,42.8
0.05,"MNAR_bajo",43,52,10,TRUE,0,FALSE,1,FALSE,TRUE,0,FALSE,"A*B + C",FALSE,0,TRUE,TRUE,TRUE,TRUE,FALSE,9,0,FALSE,FALSE,58.9
0.05,"MNAR_bajo",44,55,5,FALSE,1,FALSE,1,FALSE,TRUE,0,FALSE,"A*B + C",FALSE,0,TRUE,TRUE,TRUE,TRUE,FALSE,4,0,FALSE,FALSE,48.5
0.05,"MNAR_bajo",45,51,10,FALSE,1,FALSE,3,FALSE,FALSE,2,FALSE,NA,TRUE,0,TRUE,FALSE,TRUE,FALSE,NA,22,0,TRUE,FALSE,85.4
0.05,"MNAR_bajo",46,52,8,FALSE,1,FALSE,1,FALSE,FALSE,1,TRUE,"C",FALSE,0,TRUE,TRUE,TRUE,TRUE,FALSE,3,0,FALSE,FALSE,49.7
0.05,"MNAR_bajo",47,53,9,FALSE,1,FALSE,1,TRUE,FALSE,1,TRUE,"C",FALSE,0,TRUE,TRUE,TRUE,TRUE,FALSE,4,0,FALSE,FALSE,48
0.05,"MNAR_bajo",48,49,13,TRUE,0,TRUE,0,TRUE,TRUE,0,TRUE,"A*B + C",FALSE,0,TRUE,TRUE,TRUE,TRUE,TRUE,1,0,FALSE,FALSE,19.5
0.05,"MNAR_bajo",49,54,6,TRUE,0,FALSE,1,FALSE,TRUE,0,TRUE,"A*B + C",FALSE,0,TRUE,TRUE,TRUE,TRUE,FALSE,2,0,FALSE,FALSE,27.3
0.05,"MNAR_bajo",50,50,11,FALSE,1,FALSE,2,FALSE,FALSE,2,FALSE,"B + C",FALSE,1,TRUE,TRUE,TRUE,TRUE,FALSE,4,0,FALSE,FALSE,53.2
0.05,"MNAR_bajo",51,55,5,FALSE,1,FALSE,1,TRUE,FALSE,1,TRUE,"C",FALSE,0,TRUE,TRUE,TRUE,TRUE,FALSE,2,0,FALSE,FALSE,49.7
0.05,"MNAR_bajo",52,52,9,FALSE,1,FALSE,2,FALSE,FALSE,1,FALSE,"C",FALSE,0,TRUE,TRUE,TRUE,TRUE,FALSE,9,0,FALSE,FALSE,23.5
0.05,"MNAR_bajo",53,51,9,FALSE,1,FALSE,2,FALSE,FALSE,1,TRUE,"A*B + B*D + C",FALSE,1,TRUE,TRUE,TRUE,TRUE,FALSE,2,0,FALSE,FALSE,21.2
0.05,"MNAR_bajo",54,52,9,FALSE,1,FALSE,2,FALSE,FALSE,1,TRUE,"C",FALSE,0,TRUE,TRUE,TRUE,TRUE,FALSE,4,0,FALSE,FALSE,34.5
0.05,"MNAR_bajo",55,50,11,FALSE,1,TRUE,0,FALSE,TRUE,0,FALSE,"A*B",FALSE,0,TRUE,TRUE,TRUE,TRUE,FALSE,5,0,FALSE,FALSE,24
0.05,"MNAR_bajo",56,48,13,TRUE,0,FALSE,2,FALSE,TRUE,0,TRUE,"C",FALSE,0,TRUE,TRUE,TRUE,TRUE,FALSE,5,0,FALSE,FALSE,28.1
0.05,"MNAR_bajo",57,46,16,TRUE,0,FALSE,2,FALSE,FALSE,1,FALSE,"C",FALSE,0,TRUE,TRUE,FALSE,TRUE,FALSE,10,0,FALSE,FALSE,53.5
0.05,"MNAR_bajo",58,55,5,FALSE,3,FALSE,2,FALSE,FALSE,3,TRUE,"~B + A + C",FALSE,2,TRUE,TRUE,TRUE,TRUE,FALSE,2,0,FALSE,FALSE,27.6
0.05,"MNAR_bajo",59,49,11,TRUE,0,FALSE,1,FALSE,TRUE,0,TRUE,"A*B + C",FALSE,0,TRUE,TRUE,TRUE,TRUE,FALSE,2,0,FALSE,FALSE,20.2
0.05,"MNAR_bajo",60,55,5,FALSE,3,FALSE,3,FALSE,FALSE,3,FALSE,"C",FALSE,0,TRUE,TRUE,TRUE,TRUE,FALSE,5,0,FALSE,FALSE,23.9
0.05,"MNAR_bajo",61,52,8,FALSE,2,FALSE,2,FALSE,FALSE,2,TRUE,"C",FALSE,0,TRUE,TRUE,FALSE,TRUE,FALSE,8,0,FALSE,FALSE,25.1
0.05,"MNAR_bajo",62,51,9,FALSE,1,FALSE,2,FALSE,FALSE,1,TRUE,"C",FALSE,0,TRUE,TRUE,TRUE,TRUE,FALSE,4,0,FALSE,FALSE,20.8
0.05,"MNAR_bajo",63,52,9,FALSE,3,FALSE,3,FALSE,FALSE,3,FALSE,"A*D + C",FALSE,1,TRUE,TRUE,TRUE,TRUE,FALSE,8,0,FALSE,FALSE,23.2
0.05,"MNAR_bajo",64,48,14,FALSE,1,FALSE,1,TRUE,FALSE,1,TRUE,"C",FALSE,0,TRUE,TRUE,TRUE,TRUE,FALSE,4,0,FALSE,FALSE,20.4
0.05,"MNAR_bajo",65,43,19,TRUE,0,FALSE,1,FALSE,TRUE,0,TRUE,"A*B",FALSE,0,TRUE,TRUE,TRUE,TRUE,FALSE,13,0,FALSE,FALSE,34.4
0.05,"MNAR_bajo",66,54,7,TRUE,0,FALSE,1,FALSE,TRUE,0,TRUE,"A*B",FALSE,0,TRUE,TRUE,TRUE,TRUE,FALSE,4,0,FALSE,FALSE,20
0.05,"MNAR_bajo",67,49,13,FALSE,1,FALSE,2,FALSE,FALSE,2,FALSE,"C",FALSE,0,TRUE,TRUE,FALSE,TRUE,FALSE,11,0,FALSE,FALSE,36
0.05,"MNAR_bajo",68,46,15,TRUE,0,TRUE,0,TRUE,TRUE,0,TRUE,"C",FALSE,0,TRUE,TRUE,TRUE,TRUE,FALSE,6,0,FALSE,FALSE,59.8
0.05,"MNAR_bajo",69,48,13,TRUE,0,FALSE,1,FALSE,TRUE,0,TRUE,"A*B",FALSE,0,TRUE,TRUE,TRUE,TRUE,FALSE,7,0,FALSE,FALSE,48.7
0.05,"MNAR_bajo",70,48,14,FALSE,1,FALSE,2,FALSE,FALSE,2,FALSE,"C",FALSE,0,TRUE,TRUE,TRUE,FALSE,NA,12,0,TRUE,FALSE,32.6
0.05,"MNAR_bajo",71,52,9,FALSE,1,FALSE,1,TRUE,TRUE,0,FALSE,"C",FALSE,0,TRUE,TRUE,TRUE,TRUE,FALSE,3,0,FALSE,FALSE,19.6
0.05,"MNAR_bajo",72,51,9,FALSE,2,FALSE,2,TRUE,FALSE,2,TRUE,"C",FALSE,0,TRUE,TRUE,TRUE,TRUE,FALSE,5,0,FALSE,FALSE,37.8
0.05,"MNAR_bajo",73,45,16,FALSE,2,FALSE,1,FALSE,FALSE,1,FALSE,NA,TRUE,0,TRUE,TRUE,TRUE,FALSE,NA,14,0,TRUE,FALSE,220.6
0.05,"MNAR_bajo",74,49,12,FALSE,1,FALSE,1,TRUE,FALSE,1,TRUE,"C",FALSE,0,TRUE,TRUE,TRUE,TRUE,FALSE,4,0,FALSE,FALSE,53.8
0.05,"MNAR_bajo",75,51,10,TRUE,0,FALSE,1,FALSE,TRUE,0,TRUE,"C",FALSE,0,TRUE,TRUE,TRUE,TRUE,FALSE,5,0,FALSE,FALSE,47.6
0.05,"MNAR_bajo",76,50,10,FALSE,3,FALSE,2,FALSE,FALSE,3,TRUE,"C + D",FALSE,1,TRUE,TRUE,TRUE,TRUE,FALSE,4,0,FALSE,FALSE,68.1
0.05,"MNAR_bajo",77,48,13,TRUE,0,FALSE,1,FALSE,TRUE,0,TRUE,"C",FALSE,0,TRUE,TRUE,TRUE,TRUE,FALSE,3,0,FALSE,FALSE,60.8
0.05,"MNAR_bajo",78,51,10,TRUE,0,FALSE,1,FALSE,TRUE,0,TRUE,"C",FALSE,0,TRUE,TRUE,TRUE,TRUE,FALSE,5,0,FALSE,FALSE,77.8
0.05,"MNAR_bajo",79,54,6,TRUE,0,FALSE,1,FALSE,TRUE,0,TRUE,"A*B + C",FALSE,0,TRUE,TRUE,TRUE,TRUE,FALSE,2,0,FALSE,FALSE,58.5
0.05,"MNAR_bajo",80,51,9,FALSE,1,FALSE,2,FALSE,FALSE,1,TRUE,"B",FALSE,1,TRUE,TRUE,TRUE,TRUE,FALSE,4,0,FALSE,FALSE,65.4
0.05,"MNAR_bajo",81,50,11,FALSE,1,FALSE,1,FALSE,FALSE,1,FALSE,"C",FALSE,0,TRUE,TRUE,TRUE,TRUE,FALSE,5,0,FALSE,FALSE,20
0.05,"MNAR_bajo",82,47,14,TRUE,0,FALSE,2,FALSE,FALSE,1,FALSE,"A*B",FALSE,0,TRUE,TRUE,TRUE,TRUE,FALSE,8,0,FALSE,FALSE,22.1
0.05,"MNAR_bajo",83,49,12,TRUE,0,FALSE,1,FALSE,TRUE,0,TRUE,NA,TRUE,0,TRUE,TRUE,TRUE,TRUE,FALSE,12,0,FALSE,FALSE,54.1
0.05,"MNAR_bajo",84,55,7,FALSE,1,FALSE,1,TRUE,FALSE,0,FALSE,"C",FALSE,0,TRUE,TRUE,TRUE,TRUE,FALSE,4,0,FALSE,FALSE,24.7
0.05,"MNAR_bajo",85,48,13,TRUE,0,TRUE,0,TRUE,TRUE,0,TRUE,"C",FALSE,0,TRUE,TRUE,TRUE,TRUE,FALSE,4,0,FALSE,FALSE,19.7
0.05,"MNAR_bajo",86,47,16,TRUE,0,FALSE,2,FALSE,TRUE,0,TRUE,"A*B",FALSE,0,TRUE,TRUE,TRUE,TRUE,FALSE,7,0,FALSE,FALSE,38.1
0.05,"MNAR_bajo",87,49,11,FALSE,1,TRUE,0,FALSE,TRUE,0,FALSE,"A*B + C",FALSE,0,TRUE,TRUE,TRUE,TRUE,FALSE,2,0,FALSE,FALSE,18.8
0.05,"MNAR_bajo",88,54,8,TRUE,0,TRUE,0,TRUE,TRUE,0,TRUE,"A*B + C",FALSE,0,TRUE,TRUE,TRUE,TRUE,TRUE,1,0,FALSE,FALSE,17.4
0.05,"MNAR_bajo",89,50,14,FALSE,2,FALSE,3,FALSE,FALSE,2,TRUE,"C",FALSE,0,TRUE,TRUE,TRUE,TRUE,FALSE,13,0,FALSE,FALSE,27.3
0.05,"MNAR_bajo",90,53,7,FALSE,1,FALSE,1,FALSE,FALSE,1,TRUE,"C",FALSE,0,TRUE,TRUE,TRUE,TRUE,FALSE,3,0,FALSE,FALSE,22.8
0.05,"MNAR_bajo",91,52,8,FALSE,1,FALSE,1,TRUE,TRUE,0,FALSE,"A*B + C",FALSE,0,TRUE,TRUE,TRUE,TRUE,FALSE,2,0,FALSE,FALSE,44.1
0.05,"MNAR_bajo",92,49,13,TRUE,0,TRUE,0,TRUE,TRUE,0,TRUE,"C",FALSE,0,TRUE,TRUE,TRUE,TRUE,FALSE,4,0,FALSE,FALSE,47
0.05,"MNAR_bajo",93,53,7,FALSE,1,FALSE,3,FALSE,TRUE,0,FALSE,"C",FALSE,0,TRUE,TRUE,FALSE,TRUE,FALSE,10,0,FALSE,FALSE,62.7
0.05,"MNAR_bajo",94,52,10,FALSE,1,FALSE,1,FALSE,TRUE,0,FALSE,"A*B + C",FALSE,0,TRUE,TRUE,FALSE,TRUE,FALSE,6,0,FALSE,FALSE,20.8
0.05,"MNAR_bajo",95,54,8,FALSE,1,FALSE,2,FALSE,FALSE,2,FALSE,"B*D + C",FALSE,1,TRUE,TRUE,TRUE,TRUE,FALSE,5,0,FALSE,FALSE,20.9
0.05,"MNAR_bajo",96,49,12,TRUE,0,FALSE,2,FALSE,TRUE,0,TRUE,"C",FALSE,0,TRUE,TRUE,TRUE,TRUE,FALSE,7,0,FALSE,FALSE,21.5
0.05,"MNAR_bajo",97,52,8,FALSE,1,FALSE,1,FALSE,FALSE,1,TRUE,"C",FALSE,0,TRUE,TRUE,TRUE,TRUE,FALSE,5,0,FALSE,FALSE,27.9
0.05,"MNAR_bajo",98,51,9,FALSE,2,FALSE,1,FALSE,FALSE,2,TRUE,"A + C",FALSE,1,TRUE,TRUE,TRUE,TRUE,FALSE,2,0,FALSE,FALSE,51.7
0.05,"MNAR_bajo",99,51,10,FALSE,1,FALSE,1,TRUE,FALSE,2,FALSE,"A*B + C",FALSE,0,TRUE,TRUE,TRUE,TRUE,FALSE,3,0,FALSE,FALSE,20.5
0.05,"MNAR_bajo",100,49,13,FALSE,1,FALSE,2,FALSE,TRUE,0,FALSE,"C",FALSE,0,TRUE,TRUE,FALSE,TRUE,FALSE,11,0,FALSE,FALSE,65.4
0.1,"MNAR_bajo",1,38,26,FALSE,1,TRUE,0,FALSE,FALSE,1,TRUE,NA,TRUE,0,TRUE,TRUE,TRUE,FALSE,NA,13,0,FALSE,FALSE,45.9
0.1,"MNAR_bajo",2,46,15,FALSE,2,FALSE,2,FALSE,FALSE,1,FALSE,"C",FALSE,0,TRUE,TRUE,TRUE,TRUE,FALSE,17,0,FALSE,FALSE,89.2
0.1,"MNAR_bajo",3,40,27,FALSE,1,FALSE,1,FALSE,TRUE,0,FALSE,NA,TRUE,0,TRUE,TRUE,TRUE,FALSE,NA,24,0,TRUE,FALSE,167
0.1,"MNAR_bajo",4,43,20,TRUE,0,FALSE,1,FALSE,FALSE,0,FALSE,"C",FALSE,0,TRUE,TRUE,TRUE,TRUE,FALSE,11,0,FALSE,FALSE,83.6
0.1,"MNAR_bajo",5,38,28,FALSE,3,FALSE,2,FALSE,FALSE,2,FALSE,NA,TRUE,0,TRUE,TRUE,TRUE,FALSE,NA,16,0,TRUE,FALSE,283
0.1,"MNAR_bajo",6,49,13,FALSE,2,FALSE,2,TRUE,FALSE,1,FALSE,"C",FALSE,0,TRUE,TRUE,TRUE,TRUE,FALSE,10,0,FALSE,FALSE,62.1
0.1,"MNAR_bajo",7,45,17,FALSE,1,FALSE,3,FALSE,FALSE,1,FALSE,"C",FALSE,0,TRUE,TRUE,FALSE,TRUE,FALSE,16,0,FALSE,FALSE,96.5
0.1,"MNAR_bajo",8,41,22,FALSE,2,FALSE,2,FALSE,FALSE,1,FALSE,NA,TRUE,0,TRUE,TRUE,FALSE,FALSE,NA,16,0,TRUE,FALSE,144.9
0.1,"MNAR_bajo",9,42,25,FALSE,1,FALSE,1,FALSE,TRUE,0,FALSE,NA,TRUE,0,TRUE,TRUE,TRUE,FALSE,NA,24,0,FALSE,FALSE,19.2
0.1,"MNAR_bajo",10,48,13,FALSE,2,FALSE,2,FALSE,FALSE,2,FALSE,NA,TRUE,0,TRUE,TRUE,FALSE,TRUE,FALSE,8,0,FALSE,FALSE,30.3
0.1,"MNAR_bajo",11,42,24,FALSE,1,FALSE,0,FALSE,FALSE,0,FALSE,"C",FALSE,0,TRUE,FALSE,FALSE,TRUE,FALSE,20,0,FALSE,FALSE,50.1
0.1,"MNAR_bajo",12,45,19,TRUE,0,FALSE,1,FALSE,TRUE,0,TRUE,NA,TRUE,0,TRUE,TRUE,TRUE,TRUE,FALSE,12,0,FALSE,FALSE,148.1
0.1,"MNAR_bajo",13,38,26,TRUE,0,FALSE,1,FALSE,TRUE,0,TRUE,NA,TRUE,0,TRUE,TRUE,FALSE,FALSE,NA,14,0,FALSE,FALSE,27.3
0.1,"MNAR_bajo",14,46,16,TRUE,0,TRUE,0,TRUE,TRUE,0,TRUE,"C",FALSE,0,TRUE,TRUE,TRUE,TRUE,FALSE,7,0,FALSE,FALSE,21.7
0.1,"MNAR_bajo",15,41,24,TRUE,0,FALSE,1,FALSE,FALSE,1,FALSE,"C",FALSE,0,TRUE,TRUE,TRUE,FALSE,NA,18,0,FALSE,FALSE,17.4
0.1,"MNAR_bajo",16,38,24,FALSE,1,FALSE,2,FALSE,FALSE,1,FALSE,NA,TRUE,0,TRUE,TRUE,FALSE,FALSE,NA,17,0,FALSE,FALSE,18.2
0.1,"MNAR_bajo",17,49,12,FALSE,2,FALSE,3,FALSE,FALSE,2,FALSE,"C",FALSE,0,TRUE,TRUE,TRUE,TRUE,FALSE,19,0,FALSE,FALSE,59.5
0.1,"MNAR_bajo",18,43,18,TRUE,0,FALSE,1,FALSE,TRUE,0,TRUE,NA,TRUE,0,TRUE,TRUE,TRUE,FALSE,NA,20,0,TRUE,FALSE,541.1
0.1,"MNAR_bajo",19,39,27,TRUE,0,TRUE,0,TRUE,TRUE,0,TRUE,NA,TRUE,0,TRUE,TRUE,TRUE,TRUE,FALSE,6,0,FALSE,FALSE,63.8
0.1,"MNAR_bajo",20,46,18,TRUE,0,TRUE,0,TRUE,TRUE,0,TRUE,"C",FALSE,0,TRUE,TRUE,TRUE,TRUE,FALSE,6,0,FALSE,FALSE,46.4
0.1,"MNAR_bajo",21,42,20,TRUE,0,FALSE,1,FALSE,TRUE,0,TRUE,NA,TRUE,0,TRUE,TRUE,TRUE,TRUE,FALSE,12,0,FALSE,FALSE,30.7
0.1,"MNAR_bajo",22,44,21,TRUE,0,FALSE,2,FALSE,TRUE,0,TRUE,"C",FALSE,0,TRUE,TRUE,FALSE,TRUE,FALSE,10,0,FALSE,FALSE,35.7
0.1,"MNAR_bajo",23,46,15,FALSE,1,FALSE,1,FALSE,FALSE,1,FALSE,"C",FALSE,0,TRUE,TRUE,TRUE,TRUE,FALSE,4,0,FALSE,FALSE,19.1
0.1,"MNAR_bajo",24,45,19,FALSE,1,FALSE,1,TRUE,FALSE,1,TRUE,"C",FALSE,0,TRUE,TRUE,TRUE,TRUE,FALSE,7,0,FALSE,FALSE,21.8
0.1,"MNAR_bajo",25,40,23,FALSE,1,FALSE,1,TRUE,FALSE,1,TRUE,"C",FALSE,0,TRUE,TRUE,TRUE,TRUE,FALSE,8,0,FALSE,FALSE,47.1
0.1,"MNAR_bajo",26,49,13,TRUE,0,TRUE,0,TRUE,TRUE,0,TRUE,"A*B + C",FALSE,0,TRUE,TRUE,TRUE,TRUE,FALSE,2,0,FALSE,FALSE,18.2
0.1,"MNAR_bajo",27,48,14,FALSE,2,FALSE,2,TRUE,FALSE,2,TRUE,"C",FALSE,0,TRUE,TRUE,TRUE,FALSE,NA,5,1,TRUE,FALSE,29.5
0.1,"MNAR_bajo",28,46,16,FALSE,1,FALSE,3,FALSE,TRUE,0,FALSE,"C",FALSE,0,TRUE,TRUE,FALSE,TRUE,FALSE,11,0,FALSE,FALSE,26.1
0.1,"MNAR_bajo",29,43,18,FALSE,1,FALSE,1,FALSE,TRUE,0,FALSE,"A*B + C",FALSE,0,TRUE,TRUE,TRUE,TRUE,FALSE,11,0,FALSE,FALSE,33.2
0.1,"MNAR_bajo",30,46,14,TRUE,0,FALSE,2,FALSE,TRUE,0,TRUE,"C",FALSE,0,TRUE,TRUE,TRUE,TRUE,FALSE,7,0,FALSE,FALSE,28.9
0.1,"MNAR_bajo",31,48,13,FALSE,1,FALSE,2,FALSE,FALSE,1,FALSE,"A",FALSE,1,TRUE,TRUE,TRUE,TRUE,FALSE,10,0,FALSE,FALSE,26.1
0.1,"MNAR_bajo",32,41,23,FALSE,1,FALSE,3,FALSE,FALSE,1,TRUE,"C",FALSE,0,TRUE,TRUE,FALSE,TRUE,FALSE,19,0,FALSE,FALSE,54.6
0.1,"MNAR_bajo",33,46,17,FALSE,1,FALSE,1,TRUE,FALSE,1,TRUE,"A*B",FALSE,0,TRUE,TRUE,TRUE,TRUE,FALSE,10,0,FALSE,FALSE,39.3
0.1,"MNAR_bajo",34,49,12,FALSE,1,FALSE,1,TRUE,FALSE,1,TRUE,"C",FALSE,0,TRUE,TRUE,TRUE,TRUE,FALSE,12,0,FALSE,FALSE,77.9
0.1,"MNAR_bajo",35,49,13,FALSE,1,FALSE,1,FALSE,FALSE,1,FALSE,"C",FALSE,0,TRUE,TRUE,TRUE,TRUE,FALSE,14,0,FALSE,FALSE,80.9
0.1,"MNAR_bajo",36,45,18,FALSE,1,FALSE,1,TRUE,FALSE,1,FALSE,NA,TRUE,0,TRUE,TRUE,TRUE,TRUE,FALSE,22,0,FALSE,FALSE,135.7
0.1,"MNAR_bajo",37,50,13,FALSE,1,FALSE,2,FALSE,FALSE,1,FALSE,"C",FALSE,0,TRUE,TRUE,TRUE,TRUE,FALSE,17,0,FALSE,FALSE,80.8
0.1,"MNAR_bajo",38,42,20,TRUE,0,FALSE,2,FALSE,TRUE,0,TRUE,"A*B",FALSE,0,TRUE,TRUE,FALSE,FALSE,NA,16,0,FALSE,FALSE,47.2
0.1,"MNAR_bajo",39,42,20,FALSE,1,FALSE,1,FALSE,FALSE,1,FALSE,"C",FALSE,0,TRUE,TRUE,TRUE,TRUE,FALSE,10,0,FALSE,FALSE,70.9
0.1,"MNAR_bajo",40,37,29,FALSE,1,FALSE,1,FALSE,FALSE,1,TRUE,NA,TRUE,0,TRUE,TRUE,TRUE,FALSE,NA,28,0,FALSE,FALSE,47.8
0.1,"MNAR_bajo",41,41,22,TRUE,0,FALSE,1,FALSE,TRUE,0,TRUE,NA,TRUE,0,TRUE,TRUE,FALSE,FALSE,NA,19,0,FALSE,FALSE,44
0.1,"MNAR_bajo",42,42,24,FALSE,1,FALSE,0,FALSE,TRUE,0,FALSE,NA,TRUE,0,TRUE,TRUE,TRUE,FALSE,NA,24,0,TRUE,FALSE,147.4
0.1,"MNAR_bajo",43,44,17,FALSE,2,FALSE,2,FALSE,FALSE,2,FALSE,"C",FALSE,0,TRUE,TRUE,TRUE,TRUE,FALSE,16,0,FALSE,FALSE,30.1
0.1,"MNAR_bajo",44,40,26,TRUE,0,TRUE,0,TRUE,FALSE,0,FALSE,NA,TRUE,0,TRUE,TRUE,TRUE,TRUE,FALSE,9,0,FALSE,FALSE,38
0.1,"MNAR_bajo",45,43,24,TRUE,0,FALSE,2,FALSE,TRUE,0,TRUE,"C",FALSE,0,TRUE,TRUE,FALSE,TRUE,FALSE,11,0,FALSE,FALSE,40
0.1,"MNAR_bajo",46,33,34,FALSE,1,FALSE,2,FALSE,FALSE,1,TRUE,NA,TRUE,0,TRUE,TRUE,FALSE,FALSE,NA,31,0,FALSE,FALSE,17.8
0.1,"MNAR_bajo",47,36,31,FALSE,1,FALSE,2,FALSE,TRUE,0,FALSE,NA,TRUE,0,TRUE,TRUE,FALSE,TRUE,FALSE,33,0,FALSE,FALSE,86.9
0.1,"MNAR_bajo",48,45,16,TRUE,0,FALSE,1,FALSE,FALSE,1,FALSE,"C",FALSE,0,TRUE,TRUE,TRUE,TRUE,FALSE,11,0,FALSE,FALSE,41.9
0.1,"MNAR_bajo",49,46,19,FALSE,1,FALSE,2,FALSE,TRUE,0,FALSE,NA,TRUE,0,TRUE,TRUE,TRUE,TRUE,FALSE,21,0,FALSE,FALSE,46.4
0.1,"MNAR_bajo",50,39,24,FALSE,1,FALSE,1,FALSE,TRUE,0,FALSE,"C",FALSE,0,TRUE,TRUE,TRUE,TRUE,FALSE,17,0,FALSE,FALSE,119.8
0.1,"MNAR_bajo",51,44,18,TRUE,0,FALSE,1,FALSE,TRUE,0,TRUE,NA,TRUE,0,TRUE,TRUE,TRUE,TRUE,FALSE,9,0,FALSE,FALSE,62.2
0.1,"MNAR_bajo",52,46,17,FALSE,2,FALSE,2,TRUE,FALSE,2,TRUE,"C",FALSE,0,TRUE,TRUE,TRUE,TRUE,FALSE,7,0,FALSE,FALSE,33.6
0.1,"MNAR_bajo",53,36,26,FALSE,1,FALSE,0,FALSE,FALSE,1,FALSE,NA,TRUE,0,TRUE,TRUE,FALSE,FALSE,NA,22,0,FALSE,FALSE,140
0.1,"MNAR_bajo",54,44,19,FALSE,2,FALSE,2,FALSE,FALSE,1,FALSE,NA,TRUE,0,TRUE,TRUE,TRUE,TRUE,FALSE,18,0,FALSE,FALSE,98.5
0.1,"MNAR_bajo",55,39,25,TRUE,0,FALSE,2,FALSE,TRUE,0,TRUE,NA,TRUE,0,TRUE,TRUE,FALSE,FALSE,NA,22,0,FALSE,FALSE,21.6
0.1,"MNAR_bajo",56,47,15,TRUE,0,FALSE,1,FALSE,TRUE,0,TRUE,"A*B + C",FALSE,0,TRUE,TRUE,TRUE,TRUE,FALSE,5,0,FALSE,FALSE,21.4
0.1,"MNAR_bajo",57,51,12,FALSE,2,FALSE,1,FALSE,FALSE,1,FALSE,"C",FALSE,0,TRUE,TRUE,TRUE,TRUE,FALSE,8,0,FALSE,FALSE,24
0.1,"MNAR_bajo",58,46,19,FALSE,1,FALSE,1,TRUE,FALSE,1,TRUE,NA,TRUE,0,TRUE,TRUE,TRUE,TRUE,FALSE,11,0,FALSE,FALSE,80.4
0.1,"MNAR_bajo",59,49,12,FALSE,2,FALSE,2,TRUE,FALSE,2,TRUE,"B*D + C",FALSE,1,TRUE,TRUE,TRUE,TRUE,FALSE,2,0,FALSE,FALSE,20.6
0.1,"MNAR_bajo",60,42,23,FALSE,1,FALSE,1,TRUE,FALSE,1,TRUE,NA,TRUE,0,TRUE,TRUE,TRUE,FALSE,NA,13,0,FALSE,FALSE,19.9
0.1,"MNAR_bajo",61,40,25,FALSE,2,FALSE,1,FALSE,FALSE,1,FALSE,NA,TRUE,0,TRUE,TRUE,TRUE,FALSE,NA,53,0,FALSE,FALSE,19.5
0.1,"MNAR_bajo",62,43,21,TRUE,0,FALSE,2,FALSE,FALSE,0,FALSE,NA,TRUE,0,TRUE,TRUE,FALSE,FALSE,NA,32,0,FALSE,FALSE,19.1
0.1,"MNAR_bajo",63,43,20,FALSE,2,FALSE,3,FALSE,FALSE,2,FALSE,"C",FALSE,0,TRUE,TRUE,TRUE,TRUE,FALSE,13,0,FALSE,FALSE,41.9
0.1,"MNAR_bajo",64,49,11,TRUE,0,FALSE,1,FALSE,FALSE,0,FALSE,"C",FALSE,0,TRUE,TRUE,TRUE,TRUE,FALSE,4,0,FALSE,FALSE,28.5
0.1,"MNAR_bajo",65,48,14,FALSE,1,FALSE,1,FALSE,FALSE,1,FALSE,"C",FALSE,0,TRUE,TRUE,TRUE,TRUE,FALSE,15,0,FALSE,FALSE,23.5
0.1,"MNAR_bajo",66,43,19,TRUE,0,FALSE,1,FALSE,TRUE,0,TRUE,NA,TRUE,0,TRUE,TRUE,TRUE,TRUE,FALSE,9,0,FALSE,FALSE,42
0.1,"MNAR_bajo",67,43,20,FALSE,1,FALSE,1,FALSE,FALSE,1,FALSE,NA,TRUE,0,TRUE,TRUE,TRUE,FALSE,NA,26,0,TRUE,FALSE,292.6
0.1,"MNAR_bajo",68,47,19,TRUE,0,TRUE,0,TRUE,TRUE,0,TRUE,NA,TRUE,0,TRUE,TRUE,TRUE,TRUE,FALSE,9,0,FALSE,FALSE,80.5
0.1,"MNAR_bajo",69,48,18,FALSE,1,FALSE,2,FALSE,FALSE,1,TRUE,NA,TRUE,0,TRUE,TRUE,FALSE,TRUE,FALSE,14,0,FALSE,FALSE,126.4
0.1,"MNAR_bajo",70,45,17,FALSE,1,FALSE,2,FALSE,FALSE,1,FALSE,"C",FALSE,0,TRUE,TRUE,TRUE,FALSE,NA,14,0,TRUE,FALSE,89
0.1,"MNAR_bajo",71,42,19,FALSE,1,FALSE,2,FALSE,FALSE,1,FALSE,NA,TRUE,0,TRUE,TRUE,FALSE,TRUE,FALSE,17,0,FALSE,FALSE,122.9
0.1,"MNAR_bajo",72,40,24,TRUE,0,FALSE,1,FALSE,TRUE,0,TRUE,NA,TRUE,0,TRUE,TRUE,TRUE,TRUE,FALSE,7,0,FALSE,FALSE,28.4
0.1,"MNAR_bajo",73,41,20,TRUE,0,TRUE,0,TRUE,TRUE,0,TRUE,NA,TRUE,0,TRUE,TRUE,TRUE,TRUE,FALSE,10,0,FALSE,FALSE,84.7
0.1,"MNAR_bajo",74,47,14,TRUE,0,FALSE,2,FALSE,TRUE,0,TRUE,"C",FALSE,0,TRUE,TRUE,TRUE,TRUE,FALSE,14,0,FALSE,FALSE,29.8
0.1,"MNAR_bajo",75,44,25,TRUE,0,FALSE,2,FALSE,TRUE,0,TRUE,NA,TRUE,0,TRUE,FALSE,TRUE,FALSE,NA,34,1,FALSE,FALSE,18.9
0.1,"MNAR_bajo",76,44,22,FALSE,2,FALSE,3,FALSE,FALSE,2,FALSE,NA,TRUE,0,TRUE,TRUE,TRUE,TRUE,FALSE,15,0,FALSE,FALSE,51.6
0.1,"MNAR_bajo",77,44,19,FALSE,1,FALSE,1,FALSE,FALSE,1,FALSE,"C",FALSE,0,TRUE,TRUE,TRUE,TRUE,FALSE,8,0,FALSE,FALSE,26.4
0.1,"MNAR_bajo",78,40,24,TRUE,0,FALSE,2,FALSE,FALSE,0,FALSE,NA,TRUE,0,TRUE,TRUE,FALSE,FALSE,NA,26,0,FALSE,FALSE,20.7
0.1,"MNAR_bajo",79,42,22,TRUE,0,FALSE,3,FALSE,TRUE,0,TRUE,NA,TRUE,0,TRUE,TRUE,FALSE,FALSE,NA,26,0,FALSE,FALSE,20
0.1,"MNAR_bajo",80,47,16,TRUE,0,FALSE,1,FALSE,TRUE,0,TRUE,"C",FALSE,0,TRUE,TRUE,TRUE,TRUE,FALSE,14,0,FALSE,FALSE,45.9
0.1,"MNAR_bajo",81,49,12,FALSE,2,FALSE,1,FALSE,TRUE,0,FALSE,"C",FALSE,0,TRUE,TRUE,TRUE,TRUE,FALSE,6,0,FALSE,FALSE,67.7
0.1,"MNAR_bajo",82,40,21,FALSE,1,FALSE,1,TRUE,FALSE,1,TRUE,"C",FALSE,0,TRUE,TRUE,TRUE,TRUE,FALSE,5,0,FALSE,FALSE,61.9
0.1,"MNAR_bajo",83,47,14,FALSE,1,FALSE,1,FALSE,FALSE,2,FALSE,"C",FALSE,0,TRUE,TRUE,TRUE,TRUE,FALSE,7,0,FALSE,FALSE,31.3
0.1,"MNAR_bajo",84,51,13,TRUE,0,FALSE,1,FALSE,TRUE,0,TRUE,"A*B + C",FALSE,0,TRUE,TRUE,TRUE,TRUE,FALSE,4,0,FALSE,FALSE,19.1
0.1,"MNAR_bajo",85,50,11,FALSE,1,FALSE,1,TRUE,FALSE,1,TRUE,"A*B + C",FALSE,0,TRUE,TRUE,TRUE,TRUE,FALSE,4,0,FALSE,FALSE,21.2
0.1,"MNAR_bajo",86,45,16,FALSE,1,FALSE,0,FALSE,FALSE,1,TRUE,"C",FALSE,0,TRUE,TRUE,TRUE,FALSE,NA,9,0,TRUE,FALSE,58.8
0.1,"MNAR_bajo",87,38,29,FALSE,2,FALSE,2,FALSE,TRUE,0,FALSE,NA,TRUE,0,TRUE,TRUE,FALSE,FALSE,NA,23,0,FALSE,FALSE,46.7
0.1,"MNAR_bajo",88,44,18,FALSE,1,FALSE,2,FALSE,TRUE,0,FALSE,"C",FALSE,0,TRUE,FALSE,FALSE,TRUE,FALSE,14,0,FALSE,FALSE,60.9
0.1,"MNAR_bajo",89,43,18,FALSE,2,FALSE,2,FALSE,FALSE,1,FALSE,"C",FALSE,0,TRUE,TRUE,TRUE,TRUE,FALSE,9,0,FALSE,FALSE,26.6
0.1,"MNAR_bajo",90,45,24,TRUE,0,FALSE,1,FALSE,FALSE,0,FALSE,NA,TRUE,0,TRUE,TRUE,FALSE,FALSE,NA,28,0,FALSE,FALSE,20.8
0.1,"MNAR_bajo",91,46,15,FALSE,1,FALSE,1,FALSE,FALSE,1,FALSE,"C",FALSE,0,TRUE,TRUE,TRUE,TRUE,FALSE,7,0,FALSE,FALSE,23.8
0.1,"MNAR_bajo",92,45,18,FALSE,1,FALSE,2,FALSE,FALSE,1,TRUE,"C",FALSE,0,TRUE,TRUE,TRUE,TRUE,FALSE,20,0,FALSE,FALSE,39.8
0.1,"MNAR_bajo",93,43,20,TRUE,0,FALSE,1,FALSE,FALSE,1,FALSE,NA,TRUE,0,TRUE,TRUE,TRUE,TRUE,FALSE,16,0,FALSE,FALSE,34.1
0.1,"MNAR_bajo",94,41,20,FALSE,1,TRUE,0,FALSE,TRUE,0,FALSE,NA,TRUE,0,TRUE,TRUE,TRUE,TRUE,FALSE,8,0,FALSE,FALSE,26.9
0.1,"MNAR_bajo",95,44,20,FALSE,1,FALSE,1,FALSE,TRUE,0,FALSE,NA,TRUE,0,TRUE,TRUE,FALSE,FALSE,NA,17,0,FALSE,FALSE,19.2
0.1,"MNAR_bajo",96,48,15,FALSE,1,FALSE,2,FALSE,FALSE,2,FALSE,"C",FALSE,0,TRUE,TRUE,TRUE,TRUE,FALSE,15,0,FALSE,FALSE,32.1
0.1,"MNAR_bajo",97,45,17,FALSE,2,FALSE,1,FALSE,FALSE,1,FALSE,"A + C",FALSE,1,TRUE,TRUE,TRUE,TRUE,FALSE,4,0,FALSE,FALSE,21.2
0.1,"MNAR_bajo",98,45,19,TRUE,0,FALSE,1,FALSE,FALSE,1,FALSE,"C",FALSE,0,TRUE,TRUE,TRUE,TRUE,FALSE,7,0,FALSE,FALSE,23.6
0.1,"MNAR_bajo",99,47,18,TRUE,0,TRUE,0,TRUE,TRUE,0,TRUE,"A*B",FALSE,0,TRUE,TRUE,TRUE,TRUE,FALSE,6,0,FALSE,FALSE,22
0.1,"MNAR_bajo",100,45,15,FALSE,1,FALSE,1,FALSE,TRUE,0,FALSE,"C",FALSE,0,TRUE,TRUE,TRUE,TRUE,FALSE,12,0,FALSE,FALSE,82.3
0.2,"MNAR_bajo",1,29,41,TRUE,0,FALSE,3,FALSE,FALSE,0,FALSE,NA,TRUE,0,TRUE,FALSE,FALSE,FALSE,NA,58,0,FALSE,FALSE,17.8
0.2,"MNAR_bajo",2,31,41,FALSE,2,FALSE,1,FALSE,FALSE,1,FALSE,NA,TRUE,0,TRUE,TRUE,FALSE,FALSE,NA,42,1,FALSE,FALSE,18.2
0.2,"MNAR_bajo",3,42,34,FALSE,2,FALSE,0,FALSE,FALSE,2,FALSE,NA,TRUE,0,TRUE,TRUE,TRUE,FALSE,NA,27,7,FALSE,FALSE,18.7
0.2,"MNAR_bajo",4,40,32,FALSE,1,FALSE,1,FALSE,TRUE,0,FALSE,NA,TRUE,0,TRUE,TRUE,TRUE,FALSE,NA,25,1,FALSE,FALSE,18.6
0.2,"MNAR_bajo",5,33,38,FALSE,1,FALSE,1,FALSE,TRUE,0,FALSE,NA,TRUE,0,TRUE,TRUE,FALSE,FALSE,NA,32,0,FALSE,FALSE,18.8
0.2,"MNAR_bajo",6,34,37,FALSE,1,FALSE,0,FALSE,FALSE,1,FALSE,NA,TRUE,0,TRUE,TRUE,FALSE,FALSE,NA,29,0,FALSE,FALSE,19.5
0.2,"MNAR_bajo",7,29,49,FALSE,1,FALSE,0,FALSE,FALSE,0,FALSE,NA,TRUE,0,TRUE,FALSE,FALSE,FALSE,NA,59,0,FALSE,FALSE,18.2
0.2,"MNAR_bajo",8,30,44,TRUE,0,FALSE,2,FALSE,TRUE,0,TRUE,"A*B",FALSE,0,TRUE,TRUE,FALSE,FALSE,NA,27,0,FALSE,FALSE,18.4
0.2,"MNAR_bajo",9,38,33,FALSE,0,FALSE,0,TRUE,FALSE,0,TRUE,NA,TRUE,0,TRUE,TRUE,TRUE,FALSE,NA,17,25,TRUE,FALSE,210.8
0.2,"MNAR_bajo",10,31,40,FALSE,1,FALSE,0,FALSE,FALSE,2,FALSE,NA,TRUE,0,TRUE,FALSE,TRUE,FALSE,NA,39,0,FALSE,FALSE,22.5
0.2,"MNAR_bajo",11,34,42,FALSE,1,FALSE,2,FALSE,TRUE,0,FALSE,NA,TRUE,0,TRUE,TRUE,FALSE,FALSE,NA,41,1,FALSE,FALSE,56.2
0.2,"MNAR_bajo",12,36,38,TRUE,0,FALSE,2,FALSE,FALSE,0,FALSE,NA,TRUE,0,TRUE,TRUE,FALSE,FALSE,NA,50,0,FALSE,FALSE,46.3
0.2,"MNAR_bajo",13,31,39,TRUE,0,FALSE,1,FALSE,FALSE,1,FALSE,NA,TRUE,0,TRUE,TRUE,FALSE,FALSE,NA,22,0,FALSE,FALSE,42.5
0.2,"MNAR_bajo",14,34,39,FALSE,1,FALSE,2,FALSE,FALSE,0,FALSE,NA,TRUE,0,TRUE,TRUE,TRUE,FALSE,NA,35,0,FALSE,FALSE,25.9
0.2,"MNAR_bajo",15,35,35,FALSE,1,FALSE,3,FALSE,FALSE,1,TRUE,NA,TRUE,0,TRUE,TRUE,TRUE,FALSE,NA,40,0,FALSE,FALSE,18.6
0.2,"MNAR_bajo",16,36,34,FALSE,2,TRUE,0,FALSE,FALSE,1,FALSE,NA,TRUE,0,TRUE,TRUE,TRUE,FALSE,NA,26,0,FALSE,FALSE,19.6
0.2,"MNAR_bajo",17,33,38,FALSE,1,FALSE,0,FALSE,TRUE,0,FALSE,NA,TRUE,0,TRUE,TRUE,FALSE,FALSE,NA,37,0,FALSE,FALSE,25.5
0.2,"MNAR_bajo",18,30,39,TRUE,0,FALSE,0,FALSE,FALSE,0,FALSE,NA,TRUE,0,TRUE,TRUE,FALSE,FALSE,NA,36,0,FALSE,FALSE,41.2
0.2,"MNAR_bajo",19,34,34,FALSE,1,FALSE,2,FALSE,FALSE,1,FALSE,"C",FALSE,0,TRUE,TRUE,FALSE,FALSE,NA,20,0,TRUE,FALSE,264.7
0.2,"MNAR_bajo",20,30,46,TRUE,0,FALSE,1,FALSE,FALSE,0,FALSE,NA,TRUE,0,TRUE,TRUE,TRUE,FALSE,NA,49,0,FALSE,FALSE,18.8
0.2,"MNAR_bajo",21,38,31,FALSE,1,FALSE,1,FALSE,FALSE,0,FALSE,NA,TRUE,0,TRUE,TRUE,FALSE,FALSE,NA,37,0,FALSE,FALSE,19.2
0.2,"MNAR_bajo",22,36,38,TRUE,0,FALSE,1,FALSE,FALSE,0,FALSE,NA,TRUE,0,TRUE,TRUE,TRUE,FALSE,NA,53,0,FALSE,FALSE,18.6
0.2,"MNAR_bajo",23,33,36,TRUE,0,FALSE,1,FALSE,TRUE,0,TRUE,NA,TRUE,0,TRUE,TRUE,FALSE,FALSE,NA,36,0,FALSE,FALSE,19.3
0.2,"MNAR_bajo",24,33,41,FALSE,2,FALSE,2,FALSE,FALSE,0,FALSE,NA,TRUE,0,TRUE,TRUE,TRUE,FALSE,NA,46,2,FALSE,FALSE,19.8
0.2,"MNAR_bajo",25,40,28,FALSE,2,FALSE,3,FALSE,FALSE,2,FALSE,NA,TRUE,0,TRUE,TRUE,TRUE,FALSE,NA,36,0,FALSE,FALSE,19.9
0.2,"MNAR_bajo",26,36,31,FALSE,1,FALSE,0,FALSE,FALSE,1,FALSE,NA,TRUE,0,TRUE,TRUE,FALSE,FALSE,NA,31,0,FALSE,FALSE,19.6
0.2,"MNAR_bajo",27,33,36,FALSE,1,FALSE,1,FALSE,FALSE,1,FALSE,NA,TRUE,0,TRUE,TRUE,TRUE,FALSE,NA,37,0,FALSE,FALSE,19
0.2,"MNAR_bajo",28,36,40,FALSE,2,FALSE,0,FALSE,FALSE,2,FALSE,NA,TRUE,0,TRUE,FALSE,FALSE,FALSE,NA,48,0,FALSE,FALSE,21.3
0.2,"MNAR_bajo",29,36,34,TRUE,0,FALSE,2,FALSE,TRUE,0,TRUE,NA,TRUE,0,TRUE,TRUE,FALSE,FALSE,NA,38,0,FALSE,FALSE,24
0.2,"MNAR_bajo",30,33,44,FALSE,1,FALSE,1,FALSE,FALSE,0,FALSE,NA,TRUE,0,TRUE,TRUE,TRUE,FALSE,NA,55,0,FALSE,FALSE,17
0.2,"MNAR_bajo",31,37,32,TRUE,0,FALSE,2,FALSE,TRUE,0,FALSE,NA,TRUE,0,TRUE,TRUE,FALSE,FALSE,NA,34,0,FALSE,FALSE,17.2
0.2,"MNAR_bajo",32,30,42,FALSE,1,FALSE,0,FALSE,FALSE,0,FALSE,NA,TRUE,0,TRUE,TRUE,FALSE,FALSE,NA,44,0,FALSE,FALSE,17.3
0.2,"MNAR_bajo",33,30,41,FALSE,1,FALSE,0,FALSE,FALSE,1,FALSE,NA,TRUE,0,TRUE,TRUE,FALSE,FALSE,NA,36,0,FALSE,FALSE,16.5
0.2,"MNAR_bajo",34,38,36,TRUE,0,FALSE,1,FALSE,FALSE,0,FALSE,NA,TRUE,0,TRUE,TRUE,TRUE,FALSE,NA,34,0,FALSE,FALSE,20.2
0.2,"MNAR_bajo",35,37,33,FALSE,1,FALSE,1,FALSE,FALSE,1,FALSE,"C",FALSE,0,TRUE,TRUE,FALSE,FALSE,NA,36,0,FALSE,FALSE,142
0.2,"MNAR_bajo",36,33,40,FALSE,1,FALSE,3,FALSE,TRUE,0,FALSE,NA,TRUE,0,TRUE,TRUE,TRUE,FALSE,NA,44,0,FALSE,FALSE,47.1
0.2,"MNAR_bajo",37,35,38,FALSE,1,FALSE,2,FALSE,FALSE,1,FALSE,NA,TRUE,0,TRUE,TRUE,FALSE,FALSE,NA,37,0,FALSE,FALSE,33.3
0.2,"MNAR_bajo",38,34,38,FALSE,2,FALSE,0,FALSE,FALSE,1,FALSE,NA,TRUE,0,TRUE,TRUE,FALSE,FALSE,NA,45,0,FALSE,FALSE,26.8
0.2,"MNAR_bajo",39,28,43,FALSE,2,FALSE,3,FALSE,FALSE,2,TRUE,NA,TRUE,0,TRUE,TRUE,FALSE,FALSE,NA,43,0,FALSE,FALSE,19.7
0.2,"MNAR_bajo",40,34,39,FALSE,1,FALSE,0,FALSE,TRUE,0,FALSE,NA,TRUE,0,TRUE,TRUE,TRUE,FALSE,NA,55,3,FALSE,FALSE,26.1
0.2,"MNAR_bajo",41,35,34,FALSE,1,FALSE,2,FALSE,FALSE,1,FALSE,NA,TRUE,0,TRUE,TRUE,FALSE,FALSE,NA,29,0,FALSE,FALSE,31.9
0.2,"MNAR_bajo",42,35,43,TRUE,0,FALSE,0,FALSE,FALSE,0,FALSE,NA,TRUE,0,TRUE,TRUE,FALSE,FALSE,NA,59,0,FALSE,FALSE,47.6
0.2,"MNAR_bajo",43,32,41,FALSE,2,FALSE,0,FALSE,FALSE,0,FALSE,NA,TRUE,0,TRUE,TRUE,TRUE,FALSE,NA,36,2,FALSE,FALSE,43.7
0.2,"MNAR_bajo",44,31,40,FALSE,2,FALSE,1,FALSE,FALSE,1,FALSE,NA,TRUE,0,TRUE,TRUE,FALSE,FALSE,NA,36,0,FALSE,FALSE,20.4
0.2,"MNAR_bajo",45,37,42,TRUE,0,FALSE,2,FALSE,FALSE,0,FALSE,NA,TRUE,0,TRUE,TRUE,FALSE,FALSE,NA,57,0,FALSE,FALSE,17.8
0.2,"MNAR_bajo",46,23,49,FALSE,1,FALSE,0,FALSE,FALSE,1,TRUE,NA,TRUE,0,TRUE,TRUE,FALSE,FALSE,NA,45,0,FALSE,FALSE,20.6
0.2,"MNAR_bajo",47,36,33,TRUE,0,FALSE,2,FALSE,TRUE,0,TRUE,NA,TRUE,0,TRUE,TRUE,FALSE,FALSE,NA,35,0,FALSE,FALSE,21.8
0.2,"MNAR_bajo",48,35,39,TRUE,0,FALSE,2,FALSE,TRUE,0,TRUE,NA,TRUE,0,TRUE,TRUE,FALSE,FALSE,NA,47,0,FALSE,FALSE,21.5
0.2,"MNAR_bajo",49,38,36,FALSE,1,FALSE,2,FALSE,FALSE,0,FALSE,NA,TRUE,0,TRUE,TRUE,TRUE,FALSE,NA,28,0,FALSE,FALSE,19
0.2,"MNAR_bajo",50,33,43,FALSE,2,FALSE,2,FALSE,TRUE,0,FALSE,NA,TRUE,0,TRUE,FALSE,TRUE,FALSE,NA,47,0,FALSE,FALSE,18.8
0.2,"MNAR_bajo",51,33,42,FALSE,1,FALSE,0,FALSE,FALSE,0,FALSE,NA,TRUE,0,TRUE,FALSE,TRUE,FALSE,NA,39,7,FALSE,FALSE,20
0.2,"MNAR_bajo",52,25,52,FALSE,1,FALSE,3,FALSE,FALSE,0,FALSE,NA,TRUE,0,TRUE,TRUE,FALSE,FALSE,NA,45,0,FALSE,FALSE,18.4
0.2,"MNAR_bajo",53,34,35,FALSE,2,FALSE,0,FALSE,TRUE,0,FALSE,NA,TRUE,0,TRUE,TRUE,TRUE,FALSE,NA,48,1,FALSE,FALSE,21.7
0.2,"MNAR_bajo",54,31,38,TRUE,0,FALSE,2,FALSE,TRUE,0,TRUE,NA,TRUE,0,TRUE,TRUE,TRUE,FALSE,NA,34,0,FALSE,FALSE,19.7
0.2,"MNAR_bajo",55,38,40,FALSE,1,FALSE,3,FALSE,FALSE,0,FALSE,NA,TRUE,0,TRUE,TRUE,FALSE,FALSE,NA,52,0,FALSE,FALSE,19.9
0.2,"MNAR_bajo",56,34,35,FALSE,1,FALSE,2,FALSE,TRUE,0,FALSE,NA,TRUE,0,TRUE,TRUE,FALSE,FALSE,NA,38,0,FALSE,FALSE,21
0.2,"MNAR_bajo",57,40,30,FALSE,2,FALSE,2,FALSE,FALSE,1,FALSE,NA,TRUE,0,TRUE,FALSE,FALSE,FALSE,NA,31,1,FALSE,FALSE,20.4
0.2,"MNAR_bajo",58,35,38,TRUE,0,FALSE,2,FALSE,FALSE,0,FALSE,NA,TRUE,0,TRUE,TRUE,FALSE,FALSE,NA,41,0,FALSE,FALSE,18.7
0.2,"MNAR_bajo",59,36,33,FALSE,1,FALSE,1,FALSE,FALSE,3,FALSE,NA,TRUE,0,TRUE,TRUE,TRUE,FALSE,NA,20,0,FALSE,FALSE,20.1
0.2,"MNAR_bajo",60,31,42,TRUE,0,FALSE,0,FALSE,FALSE,0,FALSE,NA,TRUE,0,TRUE,TRUE,FALSE,FALSE,NA,50,0,FALSE,FALSE,18.4
0.2,"MNAR_bajo",61,30,44,TRUE,0,FALSE,2,FALSE,FALSE,0,FALSE,NA,TRUE,0,TRUE,TRUE,FALSE,FALSE,NA,54,0,FALSE,FALSE,20
0.2,"MNAR_bajo",62,35,35,TRUE,0,FALSE,0,FALSE,FALSE,0,FALSE,NA,TRUE,0,TRUE,TRUE,FALSE,FALSE,NA,55,0,FALSE,FALSE,24.5
0.2,"MNAR_bajo",63,38,32,FALSE,1,FALSE,2,FALSE,FALSE,1,FALSE,NA,TRUE,0,TRUE,TRUE,TRUE,FALSE,NA,23,0,FALSE,FALSE,16.9
0.2,"MNAR_bajo",64,32,42,TRUE,0,FALSE,0,FALSE,FALSE,0,FALSE,NA,TRUE,0,TRUE,TRUE,FALSE,FALSE,NA,43,0,FALSE,FALSE,16.8
0.2,"MNAR_bajo",65,30,46,FALSE,1,FALSE,0,FALSE,FALSE,0,FALSE,NA,TRUE,0,TRUE,TRUE,FALSE,FALSE,NA,55,0,FALSE,FALSE,16.5
0.2,"MNAR_bajo",66,36,34,FALSE,1,FALSE,2,FALSE,TRUE,0,FALSE,NA,TRUE,0,TRUE,TRUE,TRUE,FALSE,NA,26,0,FALSE,FALSE,16.5
0.2,"MNAR_bajo",67,34,43,FALSE,1,FALSE,2,FALSE,FALSE,1,FALSE,NA,TRUE,0,TRUE,TRUE,TRUE,FALSE,NA,45,0,FALSE,FALSE,32.1
0.2,"MNAR_bajo",68,31,41,TRUE,0,FALSE,3,FALSE,TRUE,0,TRUE,NA,TRUE,0,TRUE,TRUE,FALSE,FALSE,NA,27,0,FALSE,FALSE,48.7
0.2,"MNAR_bajo",69,32,41,FALSE,1,FALSE,3,FALSE,FALSE,0,FALSE,NA,TRUE,0,TRUE,TRUE,FALSE,FALSE,NA,54,0,FALSE,FALSE,49
0.2,"MNAR_bajo",70,33,38,FALSE,2,FALSE,1,FALSE,FALSE,0,FALSE,NA,TRUE,0,TRUE,TRUE,TRUE,FALSE,NA,39,1,FALSE,FALSE,38.9
0.2,"MNAR_bajo",71,34,39,TRUE,0,FALSE,2,FALSE,FALSE,1,FALSE,NA,TRUE,0,TRUE,TRUE,FALSE,FALSE,NA,29,0,FALSE,FALSE,25.5
0.2,"MNAR_bajo",72,34,41,FALSE,1,FALSE,2,FALSE,TRUE,0,FALSE,NA,TRUE,0,TRUE,TRUE,FALSE,FALSE,NA,31,0,FALSE,FALSE,17.8
0.2,"MNAR_bajo",73,28,49,FALSE,1,FALSE,1,FALSE,FALSE,1,FALSE,NA,TRUE,0,TRUE,FALSE,FALSE,FALSE,NA,57,0,FALSE,FALSE,21.3
0.2,"MNAR_bajo",74,24,47,FALSE,1,FALSE,1,FALSE,FALSE,0,FALSE,NA,TRUE,0,TRUE,TRUE,FALSE,FALSE,NA,44,0,FALSE,FALSE,27.2
0.2,"MNAR_bajo",75,36,35,FALSE,2,FALSE,1,FALSE,FALSE,1,FALSE,NA,TRUE,0,TRUE,TRUE,TRUE,FALSE,NA,35,0,FALSE,FALSE,48.5
0.2,"MNAR_bajo",76,28,45,TRUE,0,FALSE,0,FALSE,FALSE,0,FALSE,NA,TRUE,0,TRUE,TRUE,FALSE,FALSE,NA,58,0,FALSE,FALSE,46.3
0.2,"MNAR_bajo",77,43,26,FALSE,1,FALSE,1,FALSE,FALSE,1,FALSE,NA,TRUE,0,TRUE,TRUE,TRUE,FALSE,NA,32,0,TRUE,FALSE,220.1
0.2,"MNAR_bajo",78,33,36,FALSE,1,FALSE,1,FALSE,FALSE,2,FALSE,NA,TRUE,0,TRUE,TRUE,TRUE,FALSE,NA,39,0,FALSE,FALSE,19.6
0.2,"MNAR_bajo",79,30,41,FALSE,2,FALSE,0,FALSE,FALSE,2,FALSE,NA,TRUE,0,TRUE,TRUE,TRUE,FALSE,NA,41,1,FALSE,FALSE,20.9
0.2,"MNAR_bajo",80,32,39,FALSE,2,FALSE,1,FALSE,FALSE,1,FALSE,NA,TRUE,0,TRUE,FALSE,FALSE,FALSE,NA,36,0,FALSE,FALSE,20.9
0.2,"MNAR_bajo",81,34,37,TRUE,0,FALSE,2,FALSE,TRUE,0,TRUE,NA,TRUE,0,TRUE,TRUE,FALSE,FALSE,NA,41,0,FALSE,FALSE,19.4
0.2,"MNAR_bajo",82,32,37,TRUE,0,FALSE,0,FALSE,FALSE,1,FALSE,NA,TRUE,0,TRUE,TRUE,FALSE,FALSE,NA,39,0,FALSE,FALSE,19.5
0.2,"MNAR_bajo",83,35,36,FALSE,3,FALSE,1,FALSE,FALSE,1,FALSE,"C",FALSE,0,TRUE,FALSE,TRUE,FALSE,NA,37,0,FALSE,FALSE,139.4
0.2,"MNAR_bajo",84,36,37,FALSE,1,FALSE,1,FALSE,FALSE,1,FALSE,NA,TRUE,0,TRUE,TRUE,FALSE,FALSE,NA,42,0,FALSE,FALSE,15.4
0.2,"MNAR_bajo",85,22,60,TRUE,0,FALSE,1,FALSE,FALSE,0,FALSE,NA,TRUE,0,TRUE,TRUE,FALSE,FALSE,NA,46,0,FALSE,FALSE,26.1
0.2,"MNAR_bajo",86,31,43,FALSE,1,FALSE,2,FALSE,FALSE,1,TRUE,"C",FALSE,0,TRUE,TRUE,TRUE,FALSE,NA,30,0,TRUE,FALSE,301
0.2,"MNAR_bajo",87,36,33,FALSE,1,FALSE,0,FALSE,FALSE,1,FALSE,NA,TRUE,0,TRUE,TRUE,TRUE,FALSE,NA,43,3,FALSE,FALSE,12.6
0.2,"MNAR_bajo",88,29,40,FALSE,1,FALSE,0,FALSE,TRUE,0,FALSE,NA,TRUE,0,TRUE,TRUE,FALSE,FALSE,NA,43,0,FALSE,FALSE,13.6
0.2,"MNAR_bajo",89,31,42,FALSE,1,FALSE,1,FALSE,FALSE,0,FALSE,NA,TRUE,0,TRUE,TRUE,TRUE,FALSE,NA,45,0,FALSE,FALSE,13.1
0.2,"MNAR_bajo",90,35,40,FALSE,0,FALSE,0,FALSE,TRUE,0,FALSE,NA,TRUE,0,TRUE,FALSE,FALSE,FALSE,NA,56,0,FALSE,FALSE,13.7
0.2,"MNAR_bajo",91,34,39,FALSE,1,FALSE,0,FALSE,FALSE,0,FALSE,NA,TRUE,0,TRUE,FALSE,FALSE,FALSE,NA,46,0,FALSE,FALSE,12.2
0.2,"MNAR_bajo",92,36,39,TRUE,0,FALSE,1,FALSE,FALSE,0,FALSE,NA,TRUE,0,TRUE,TRUE,TRUE,FALSE,NA,35,0,FALSE,FALSE,12.2
0.2,"MNAR_bajo",93,40,31,FALSE,1,FALSE,0,FALSE,FALSE,2,FALSE,NA,TRUE,0,TRUE,TRUE,TRUE,FALSE,NA,38,1,FALSE,FALSE,13.7
0.2,"MNAR_bajo",94,24,53,TRUE,0,FALSE,0,FALSE,FALSE,0,FALSE,NA,TRUE,0,TRUE,TRUE,FALSE,FALSE,NA,49,0,FALSE,FALSE,12.6
0.2,"MNAR_bajo",95,34,41,TRUE,0,FALSE,0,FALSE,FALSE,0,FALSE,NA,TRUE,0,TRUE,TRUE,FALSE,FALSE,NA,41,0,FALSE,FALSE,12.9
0.2,"MNAR_bajo",96,30,43,FALSE,1,FALSE,1,FALSE,FALSE,0,FALSE,NA,TRUE,0,TRUE,FALSE,FALSE,FALSE,NA,39,0,FALSE,FALSE,22.3
0.2,"MNAR_bajo",97,31,42,FALSE,2,FALSE,0,FALSE,FALSE,2,TRUE,NA,TRUE,0,TRUE,TRUE,TRUE,FALSE,NA,47,5,FALSE,FALSE,44.7
0.2,"MNAR_bajo",98,34,42,FALSE,1,FALSE,1,FALSE,FALSE,0,FALSE,NA,TRUE,0,TRUE,TRUE,FALSE,FALSE,NA,52,1,FALSE,FALSE,42.9
0.2,"MNAR_bajo",99,32,45,FALSE,1,FALSE,0,FALSE,FALSE,1,FALSE,NA,TRUE,0,TRUE,FALSE,FALSE,FALSE,NA,63,0,FALSE,FALSE,22.1
0.2,"MNAR_bajo",100,35,33,FALSE,2,FALSE,3,FALSE,FALSE,2,TRUE,NA,TRUE,0,TRUE,TRUE,TRUE,FALSE,NA,25,0,FALSE,FALSE,13.3
